id,ORF,pathway
integer,varchar,varchar
primary key,foreign key,
1,YER001W,sce00513
2,YMR256C,sce00190
3,YPR035W,sce00250
4,YGR043C,sce01110
5,YBR283C,sce04141
6,YGR155W,sce00260
7,YDR118W,sce04113
8,YNL037C,sce01230
9,YPR074C,sce01110
10,YJL088W,sce01230
11,YNCJ0005C,sce00970
12,YBR153W,sce01240
13,YNCI0012,sce03008
14,YKL165C,sce00563
15,YDR507C,sce04111
16,YLR231C,sce01240
17,YKL211C,sce01230
18,YCL064C,sce00260
19,YNCO0002W,sce00970
20,YOR011W,sce02010
21,YDL232W,sce04141
22,YGL086W,sce04113
23,YGR202C,sce00440
24,YPR060C,sce00400
25,YER095W,sce03440
26,YDR007W,sce01230
27,YDR021W,sce03013
28,YGL205W,sce00071
29,YBR087W,sce03430
30,YOR308C,sce03040
31,YDR538W,sce00130
32,YDR408C,sce00230
33,YNL154C,sce04011
34,YHR163W,sce01200
35,YIL133C,sce03010
36,YMR118C,sce00190
37,YPL154C,sce04138
38,YDR258C,sce04213
39,YNL169C,sce01110
40,YGL098W,sce04130
41,YOL077W-A,sce00190
42,YBR112C,sce04011
43,YLR147C,sce03040
44,YGR044C,sce04113
45,YNCN0004W,sce00970
46,YLR354C,sce01200
47,YBR263W,sce01240
48,YPL061W,sce00053
49,YFR028C,sce04113
50,YNCE0027C,sce00970
51,YKL152C,sce00680
52,YLR208W,sce04141
53,YDR030C,sce04120
54,YEL039C,sce00190
55,YIL007C,sce03050
56,YOR136W,sce01210
57,YKL141W,sce00020
58,YKR080W,sce00670
59,YIL143C,sce03022
60,YGR017W,sce00750
61,YMR009W,sce00270
62,YOR125C,sce00130
63,YPL204W,sce03008
64,YMR261C,sce01110
65,YAL060W,sce01110
66,YKL205W,sce03013
67,YER024W,sce04146
68,YNCG0045C,sce03040
69,YLR182W,sce04011
70,YMR169C,sce00071
71,YOR108W,sce01110
72,YGR060W,sce00100
73,YHR074W,sce01240
74,YLR452C,sce04011
75,YNL117W,sce01200
76,YGR040W,sce04111
77,YLR333C,sce03010
78,YLR006C,sce04011
79,YPL153C,sce04111
80,YNCH0005W,sce00970
81,YOL140W,sce00220
82,YPL015C,sce00760
83,YHR039C-A,sce04145
84,YDR226W,sce01232
85,YNCL0031W,sce03008
86,YER005W,sce01110
87,YLR027C,sce00350
88,YLR265C,sce03450
89,YJL046W,sce01240
90,YGR023W,sce04011
91,YDR158W,sce01110
92,YGR188C,sce04111
93,YOL064C,sce00920
94,YDL246C,sce00051
95,YMR170C,sce00380
96,YER099C,sce01200
97,YCR005C,sce01230
98,YMR169C,sce00330
99,YGL256W,sce01110
100,YJR139C,sce00270
101,YDR009W,sce01250
102,YBR002C,sce01110
103,YDR287W,sce00562
104,YNCL0004C,sce00970
105,YDL067C,sce00190
106,YNCA0005W,sce00970
107,YGR124W,sce01110
108,YLR398C,sce03018
109,YKL019W,sce01110
110,YNL283C,sce04139
111,YNCL0050C,sce00970
112,YNCG0005W,sce00970
113,YDR044W,sce01240
114,YIL116W,sce00350
115,YDR354W,sce00400
116,YMR303C,sce00350
117,YKL166C,sce04138
118,YMR261C,sce00500
119,YKL062W,sce04113
120,YNCG0034W,sce00970
121,YNR053C,sce03008
122,tG_UCC_Q,sce00970
123,YMR110C,sce00330
124,YIL083C,sce00770
125,YBR127C,sce00190
126,YPL214C,sce01240
127,YDL188C,sce04113
128,YDL066W,sce01210
129,YDL137W,sce04144
130,YNCG0031W,sce00970
131,YLR207W,sce04141
132,YKR009C,sce00640
133,tY_GUA_Q,sce00970
134,YOR103C,sce04141
135,YCL040W,sce00051
136,YPR033C,sce00970
137,YOL157C,sce00500
138,YNCE0006W,sce00970
139,YGR012W,sce00270
140,YGL026C,sce01110
141,YGR088W,sce04213
142,YNCJ0025W,sce00970
143,YPR025C,sce03420
144,YDL168W,sce00680
145,YLR305C,sce04070
146,YIL020C,sce00340
147,YCR004C,sce01240
148,YMR110C,sce00340
149,YMR170C,sce01240
150,YKL213C,sce04141
151,YER178W,sce01110
152,YNCB0004W,sce00970
153,YPR035W,sce00910
154,YHR148W,sce03008
155,YEL002C,sce04141
156,YKL055C,sce01212
157,YDR297W,sce00600
158,YER163C,sce00480
159,YJL154C,sce04144
160,YER178W,sce00020
161,YGR205W,sce00260
162,YER075C,sce04011
163,YLR284C,sce04146
164,YJR046W,sce04113
165,YFL017W-A,sce03040
166,YPL028W,sce00630
167,YNCM0035C,sce00970
168,YHR174W,sce01200
169,YFL060C,sce01240
170,YDL134C,sce04111
171,YIL116W,sce00340
172,YNR006W,sce03250
173,YDL024C,sce00730
174,YLR240W,sce04136
175,YOR026W,sce04111
176,YPR113W,sce00562
177,YJR016C,sce01110
178,YLR277C,sce03015
179,YBR133C,sce04111
180,YDL140C,sce03020
181,YBR088C,sce03030
182,YER170W,sce00230
183,YLR347C,sce03013
184,YBL035C,sce03030
185,YDR311W,sce03420
186,YJL062W,sce00563
187,YKR062W,sce03022
188,YIL164C,sce00460
189,YNL288W,sce03018
190,YNCJ0001C,sce00970
191,YBR218C,sce01200
192,YKR054C,sce04145
193,YIL009W,sce04146
194,YER148W,sce03022
195,YOR020W-A,sce00190
196,YGR088W,sce00630
197,YHR147C,sce03010
198,YFL058W,sce01240
199,YNL253W,sce03040
200,YDL102W,sce03420
201,YIL066C,sce01232
202,YDR399W,sce01232
203,YMR020W,sce01240
204,YNCJ0010W,sce00970
205,YEL026W,sce03040
206,YIL094C,sce00300
207,YDL178W,sce00620
208,YBR251W,sce03010
209,YMR061W,sce03015
210,YCR031C,sce03010
211,YLR362W,sce04011
212,YOL049W,sce01240
213,YDR323C,sce04144
214,YJR153W,sce00040
215,YER073W,sce00280
216,YFL022C,sce00970
217,YDL055C,sce00520
218,Q0020,sce03008
219,YGR012W,sce01200
220,YDL014W,sce03008
221,YOL056W,sce01200
222,YMR300C,sce00250
223,YGL037C,sce00760
224,YOR155C,sce01232
225,YNL151C,sce03020
226,YGR088W,sce01200
227,YGR109C,sce04011
228,YMR246W,sce00071
229,YLR061W,sce03010
230,YGL141W,sce04120
231,YDR148C,sce00380
232,YIL052C,sce03010
233,YBR229C,sce04141
234,YML029W,sce04141
235,YLR367W,sce03010
236,YLR342W,sce04011
237,Q0275,sce00190
238,YNR007C,sce04136
239,YNCH0009C,sce00970
240,YKR009C,sce00410
241,YLR355C,sce01110
242,YPL273W,sce00270
243,YAL024C,sce04111
244,YJL221C,sce00052
245,YML016C,sce03015
246,YLR180W,sce00999
247,YMR322C,sce00620
248,YOR373W,sce04392
249,YBR026C,sce00061
250,YLR459W,sce00563
251,YHR123W,sce00440
252,YGR255C,sce01110
253,YBL026W,sce03040
254,YOR249C,sce04111
255,YDR516C,sce00051
256,YDR171W,sce04141
257,YPL028W,sce00310
258,YPL281C,sce01110
259,YMR125W,sce03040
260,YOR195W,sce04111
261,YLL041C,sce00020
262,YKL012W,sce03040
263,YNCD0031C,sce00970
264,YAR071W,sce00730
265,YNCP0006C,sce00970
266,YNR050C,sce01110
267,YNCO0019W,sce00970
268,YMR267W,sce00190
269,YDL166C,sce01232
270,YFR055W,sce00270
271,YMR217W,sce01232
272,YBR088C,sce03420
273,YHR018C,sce01230
274,YPR001W,sce00630
275,YLR027C,sce00220
276,YMR001C,sce04113
277,YOL027C,sce04139
278,YNR006W,sce04144
279,YMR301C,sce02010
280,YDL164C,sce03030
281,YNL209W,sce04141
282,YGR255C,sce01240
283,YGL234W,sce01110
284,YNCL0021C,sce03010
285,YPL089C,sce04011
286,YNCE0009C,sce00970
287,YER173W,sce04113
288,YHR072W,sce00100
289,YBR278W,sce03420
290,YNCM0019W,sce00970
291,YJL157C,sce04011
292,YNR008W,sce00561
293,YMR230W,sce03010
294,YFR036W,sce04120
295,YLR423C,sce04138
296,YNL001W,sce03015
297,YIL159W,sce04011
298,YDR502C,sce01110
299,YKL194C,sce00970
300,YGR072W,sce03013
301,YMR205C,sce00052
302,YOR074C,sce00670
303,YPR162C,sce04111
304,YPR120C,sce04113
305,YGL180W,sce04138
306,YDR398W,sce03008
307,YOR250C,sce03015
308,YOL061W,sce01110
309,YKL203C,sce04138
310,YJR073C,sce00564
311,YPL061W,sce01240
312,YLR304C,sce00020
313,YOR388C,sce00680
314,YCR093W,sce03018
315,YLR438W,sce01110
316,YIL148W,sce04120
317,YDR503C,sce01110
318,YIL074C,sce00270
319,YOL126C,sce00270
320,YGR256W,sce00480
321,YEL030W,sce03018
322,YKL035W,sce01250
323,YDR069C,sce04144
324,YNCK0007W,sce00970
325,YDR399W,sce00230
326,YGR019W,sce00250
327,YNCO0020C,sce00970
328,YML082W,sce01230
329,YHR141C,sce03010
330,YPR049C,sce04138
331,YFL045C,sce00520
332,YPR184W,sce01110
333,YNCP0008C,sce00970
334,YNCL0049C,sce00970
335,YPR007C,sce04113
336,YJL092W,sce03420
337,YHR216W,sce00230
338,YMR313C,sce00561
339,YDL160C,sce03018
340,YDR516C,sce00052
341,YGR148C,sce03010
342,YOL094C,sce03420
343,YFR031C,sce04111
344,YLL031C,sce00563
345,YFL045C,sce01110
346,YBR249C,sce00400
347,YNCL0036C,sce00970
348,YDR256C,sce01200
349,YDR058C,sce00561
350,YCL017C,sce01240
351,YML124C,sce04145
352,YCR053W,sce01230
353,YDL207W,sce03013
354,YHR063C,sce01240
355,YEL020C,sce04146
356,YBR252W,sce01232
357,YPL120W,sce04136
358,YDR234W,sce00300
359,YDL168W,sce00350
360,YNR052C,sce03018
361,YOL059W,sce01110
362,YNCD0016C,sce00970
363,YJR022W,sce03040
364,YMR118C,sce01110
365,YOR025W,sce00760
366,YIL004C,sce04130
367,YOL005C,sce03020
368,YEL015W,sce03018
369,YPL149W,sce04136
370,YBR279W,sce04011
371,YER037W,sce00561
372,YHR215W,sce00730
373,YDR460W,sce03420
374,YHR216W,sce01110
375,YIL026C,sce04111
376,YCL009C,sce00770
377,YIL160C,sce01212
378,YLR181C,sce04144
379,YDL171C,sce01110
380,YGR043C,sce01200
381,YIR032C,sce00230
382,YKL106W,sce01230
383,YDL064W,sce04120
384,YLR027C,sce01210
385,YGL094C,sce03018
386,YDL045C,sce00740
387,YAL005C,sce04144
388,YPR173C,sce04144
389,YGR286C,sce01240
390,YOL062C,sce04144
391,YLR286C,sce00520
392,YML035C,sce01232
393,YOL126C,sce01200
394,YDR052C,sce04111
395,YOR081C,sce00565
396,YDR305C,sce00230
397,YDR059C,sce04120
398,YBL078C,sce04136
399,YKL008C,sce00600
400,YNCG0041W,sce00970
401,YLL006W,sce04139
402,YER087C-B,sce04145
403,YKR089C,sce00592
404,YDR502C,sce01240
405,YDL245C,sce04113
406,YHR190W,sce00100
407,YKL152C,sce01200
408,YJL194W,sce04111
409,YER094C,sce03050
410,YHR046C,sce01110
411,YGR119C,sce03013
412,YNL312W,sce03440
413,YCL031C,sce03008
414,YAL010C,sce04139
415,YLR299W,sce00480
416,YPR069C,sce00270
417,Q0045,sce00190
418,YMR084W,sce00250
419,YBR160W,sce04011
420,YGL184C,sce01110
421,YMR043W,sce04011
422,YOR293W,sce03010
423,YCL040W,sce01110
424,YJR019C,sce01040
425,YDL244W,sce00730
426,YDR395W,sce03013
427,YJR016C,sce01210
428,YDR420W,sce04011
429,YDL078C,sce00020
430,YMR077C,sce04144
431,YDR310C,sce04113
432,YDL052C,sce01110
433,YLR080W,sce04141
434,YJR132W,sce03013
435,YDL108W,sce03022
436,YOR391C,sce00620
437,YNCD0019C,sce00970
438,YKL016C,sce00190
439,YKL106W,sce01210
440,YNCK0021W,sce00970
441,YIL124W,sce00565
442,YPL106C,sce04141
443,YEL029C,sce00750
444,YNL073W,sce00970
445,YBR082C,sce04141
446,YER087C-B,sce04141
447,YMR207C,sce00640
448,YGR227W,sce00510
449,YKR067W,sce01110
450,YMR084W,sce00520
451,YBR181C,sce03010
452,YMR250W,sce00430
453,YGR240C,sce00680
454,YNCJ0029W,sce00970
455,YLR153C,sce00630
456,YHR104W,sce00040
457,YNCP0019W,sce00970
458,YCR039C,sce04113
459,YLR420W,sce01240
460,YLR059C,sce03008
461,YLR006C,sce04139
462,YAL038W,sce01110
463,YGL226C-A,sce00510
464,YLR182W,sce04113
465,YEL022W,sce04144
466,YNCL0030W,sce03010
467,YGL009C,sce01230
468,YOR388C,sce00630
469,YAL033W,sce03008
470,YGR255C,sce00130
471,YOL120C,sce03010
472,YLR335W,sce03013
473,YLR268W,sce04130
474,YNR001C,sce00020
475,YKR031C,sce00565
476,YDR121W,sce03410
477,YLR369W,sce03018
478,YER172C,sce03040
479,YAL058W,sce04145
480,YDR245W,sce00513
481,YIL149C,sce03013
482,YDL080C,sce01110
483,YPL111W,sce01230
484,YDR389W,sce04011
485,YLR182W,sce04111
486,YBR097W,sce04138
487,YPR193C,sce00470
488,YNR058W,sce01240
489,YNL241C,sce00030
490,YJR043C,sce03030
491,YNR041C,sce00130
492,YBR283C,sce03060
493,YOL096C,sce00130
494,YOL056W,sce00260
495,YGR017W,sce01240
496,YNCG0020C,sce00970
497,YMR197C,sce04138
498,YLR164W,sce00190
499,YOL068C,sce00760
500,YNCB0016W,sce00970
501,YCR046C,sce03010
502,YJR148W,sce00770
503,YNCL0018W,sce03008
504,YDL161W,sce04144
505,YDR009W,sce00052
506,YFL018C,sce00260
507,YPL281C,sce03018
508,YNCO0029C,sce00970
509,YAL061W,sce00650
510,YKL188C,sce02010
511,YMR054W,sce00190
512,YML130C,sce04141
513,YNL242W,sce04136
514,YDR481C,sce01240
515,YGR019W,sce00410
516,YOL033W,sce00970
517,YJR005W,sce04144
518,YCR003W,sce03010
519,YBR003W,sce00900
520,YNCG0036W,sce00970
521,YBR145W,sce00071
522,YBR256C,sce01110
523,YHR008C,sce04146
524,YLR153C,sce00680
525,YPL183W-A,sce03010
526,YMR278W,sce00520
527,YNCH0016C,sce00970
528,YJL121C,sce01200
529,YBR052C,sce00130
530,YNCG0046W,sce00970
531,YAL044C,sce01200
532,YLR438C-A,sce03018
533,YNL312W,sce03420
534,YFL011W,sce04113
535,YOL090W,sce03430
536,YMR226C,sce00260
537,YPL061W,sce00071
538,YLL042C,sce04138
539,YNL071W,sce00620
540,YKL150W,sce00520
541,YOL013C,sce04120
542,YAL023C,sce00514
543,YLR307W,sce00520
544,YJL196C,sce01040
545,YBR044C,sce03018
546,YMR105C,sce01250
547,YNCN0010C,sce00970
548,YDL229W,sce04144
549,YOL126C,sce00620
550,YCL017C,sce04122
551,YHR123W,sce00565
552,YNCO0009W,sce00970
553,YHR137W,sce01110
554,YNL104C,sce01230
555,YGL009C,sce01210
556,YGR175C,sce01110
557,YKL184W,sce00480
558,YLR263W,sce04113
559,YHR174W,sce01110
560,YBR131W,sce04138
561,YOL143C,sce01240
562,YAL005C,sce04141
563,YPR073C,sce00730
564,YKL029C,sce01200
565,YPL258C,sce01240
566,YOR254C,sce03060
567,YMR199W,sce04011
568,YJL101C,sce01240
569,YHR062C,sce03008
570,YBR133C,sce04011
571,YGR180C,sce00480
572,YOR143C,sce01240
573,YDR315C,sce04070
574,YLR378C,sce04145
575,YAR071W,sce00740
576,YPL028W,sce00380
577,YKL058W,sce03022
578,YIL078W,sce00970
579,YJL013C,sce04111
580,YBL026W,sce03018
581,YDR280W,sce03018
582,YDL022W,sce04011
583,YJL124C,sce03018
584,YKL022C,sce04120
585,YPL050C,sce00513
586,YLR160C,sce00460
587,YNL009W,sce00480
588,YLR448W,sce03010
589,YHR171W,sce04138
590,YDR377W,sce00190
591,YKL101W,sce04011
592,YPR118W,sce00270
593,YNCC0004C,sce00970
594,YNCP0005C,sce03008
595,YDR450W,sce03010
596,YDR113C,sce04111
597,YGR256W,sce01200
598,YBL076C,sce00970
599,YNR035C,sce04138
600,YOR081C,sce00561
601,YHR183W,sce01200
602,YCL064C,sce00270
603,YMR296C,sce04138
604,YDR468C,sce04130
605,YER005W,sce01232
606,YBR111C,sce00740
607,YPL166W,sce04138
608,YLR417W,sce04144
609,YKL152C,sce01110
610,YOR351C,sce04113
611,YDR260C,sce04111
612,YNCG0021W,sce00970
613,YMR300C,sce00230
614,YOR184W,sce01240
615,YPL061W,sce00410
616,YPL087W,sce00600
617,YML070W,sce00680
618,YDR236C,sce01240
619,YFR055W,sce01110
620,YOR081C,sce00100
621,YDR019C,sce00260
622,YNL071W,sce01110
623,YJL187C,sce04111
624,YMR149W,sce04141
625,YLR304C,sce01200
626,YBL099W,sce00190
627,YGL212W,sce04138
628,YMR170C,sce00410
629,YJR016C,sce01230
630,YIL035C,sce04139
631,YHR174W,sce01230
632,YNR016C,sce00640
633,YNCM0027W,sce00970
634,YDR325W,sce04111
635,YBL084C,sce04111
636,YDR172W,sce03015
637,YLR022C,sce03008
638,YML092C,sce03050
639,YNL145W,sce04011
640,YIL145C,sce01110
641,YIL026C,sce04113
642,YHR027C,sce03050
643,YJR117W,sce00900
644,YMR172W,sce04011
645,YDR148C,sce01200
646,YIL111W,sce00190
647,YKL127W,sce00500
648,YML056C,sce01110
649,YNL009W,sce01110
650,YPR166C,sce03010
651,YER178W,sce01200
652,YBL013W,sce00970
653,YJR043C,sce03430
654,YER062C,sce00561
655,YKR089C,sce00561
656,YOL127W,sce03010
657,YFL030W,sce01200
658,tE_UUC_Q,sce00970
659,YNL006W,sce04138
660,YDR196C,sce00770
661,YKR095W,sce03013
662,YNR072W,sce04113
663,YDR454C,sce00230
664,YNCN0015W,sce00970
665,YBR023C,sce00520
666,YPR120C,sce04111
667,YJL187C,sce04113
668,YKL182W,sce00061
669,YDL166C,sce01240
670,YNL332W,sce00730
671,YNL006W,sce04136
672,YKR089C,sce01110
673,YLR332W,sce04011
674,YER117W,sce03010
675,YHR174W,sce03018
676,YCL004W,sce00564
677,YMR125W,sce03013
678,YMR016C,sce04113
679,YAL054C,sce00640
680,YHR166C,sce04120
681,YDL029W,sce04138
682,YNCL0033C,sce00970
683,YJL178C,sce04138
684,YER019C-A,sce04141
685,YLR209C,sce00230
686,YBR072W,sce04141
687,YGR095C,sce03018
688,YMR170C,sce00620
689,YOR109W,sce04070
690,YOL056W,sce00680
691,YPL256C,sce04113
692,YPL061W,sce00280
693,YNCL0016C,sce03008
694,YPL262W,sce01200
695,YBR159W,sce00062
696,YNL117W,sce00630
697,YKL203C,sce04136
698,YNCJ0018W,sce00970
699,YDL066W,sce01230
700,YML008C,sce00100
701,YKL106W,sce00350
702,YHR123W,sce00564
703,YDL168W,sce01200
704,YML105C,sce03060
705,YMR105C,sce00052
706,YBR263W,sce00630
707,YDR226W,sce01110
708,YOR269W,sce00565
709,YKR069W,sce00860
710,YDL168W,sce00620
711,YKL152C,sce00260
712,YLL001W,sce04139
713,YPL172C,sce01110
714,YNL334C,sce01240
715,YLR005W,sce03022
716,YIL075C,sce03050
717,YNCP0010W,sce00970
718,YMR189W,sce00630
719,YHR152W,sce04113
720,YDL008W,sce04113
721,YDL055C,sce01240
722,YBL019W,sce03410
723,YKL141W,sce01110
724,YBR218C,sce00620
725,YNCN0008C,sce00970
726,YBL011W,sce00561
727,YER026C,sce01110
728,YDR111C,sce00250
729,YNL081C,sce03010
730,YBR265W,sce00600
731,YJL074C,sce04113
732,YAL005C,sce04213
733,YDR284C,sce00564
734,YJR066W,sce04139
735,YDL072C,sce04141
736,YGR010W,sce00760
737,YDR037W,sce00970
738,YNCG0012W,sce00970
739,YKL024C,sce01232
740,YGR030C,sce03008
741,YML056C,sce01232
742,YDR022C,sce04138
743,YNR007C,sce04138
744,YLR005W,sce03420
745,YBR060C,sce04113
746,YNCO0005W,sce00970
747,YMR170C,sce00280
748,YPL194W,sce04111
749,YMR108W,sce01210
750,YLR371W,sce04011
751,YGR170W,sce00564
752,YMR205C,sce01200
753,YOR374W,sce00410
754,YMR169C,sce00310
755,YEL011W,sce00500
756,YKR097W,sce01110
757,YCL043C,sce04141
758,YNR059W,sce00514
759,YPR187W,sce03020
760,YDR032C,sce00130
761,YMR314W,sce03050
762,YOR245C,sce00561
763,YMR169C,sce00340
764,YOR167C,sce03010
765,YGR135W,sce03050
766,YCR004C,sce01110
767,YHR200W,sce03050
768,YOL011W,sce00564
769,YOR374W,sce01110
770,YJL001W,sce03050
771,YBR166C,sce01230
772,YOR081C,sce00590
773,YDR390C,sce04120
774,YNR012W,sce00240
775,YBR087W,sce03420
776,YPL111W,sce01110
777,YHR119W,sce00310
778,YDL015C,sce01110
779,YJL095W,sce04139
780,YLR174W,sce00480
781,YGR225W,sce04113
782,YNCM0029C,sce00970
783,YDR248C,sce01110
784,YDR148C,sce00020
785,YDL084W,sce03040
786,YEL002C,sce00513
787,YOR160W,sce03013
788,YOL149W,sce03018
789,YNCD0009W,sce00970
790,YDR044W,sce01110
791,YDR148C,sce00310
792,YJR007W,sce04141
793,YNL106C,sce00562
794,YLR303W,sce01110
795,YFL009W,sce04111
796,YBR248C,sce00340
797,YJR130C,sce01230
798,YPR113W,sce00564
799,YKL182W,sce01212
800,YKL007W,sce04144
801,YAR007C,sce03440
802,YGL226C-A,sce04141
803,YKL080W,sce04145
804,YKL062W,sce04213
805,YAL061W,sce01110
806,YNCK0008W,sce00970
807,YBL098W,sce00380
808,YOR089C,sce04144
809,YNCC0001C,sce00970
810,YGL253W,sce00500
811,YOL052C,sce00330
812,YGR287C,sce00500
813,YBR018C,sce00052
814,YOR056C,sce03008
815,YGR240C,sce00030
816,YDR441C,sce00230
817,YJR158W,sce04113
818,YOR374W,sce00053
819,YGL009C,sce00290
820,YLR066W,sce03060
821,YGL256W,sce00620
822,YFR047C,sce01240
823,YJR043C,sce03410
824,YNCJ0002C,sce00970
825,YIL005W,sce04141
826,YGL196W,sce00260
827,YOR149C,sce00563
828,YCR068W,sce00561
829,YNCL0051C,sce00970
830,YKL067W,sce00230
831,YNCC0014W,sce00970
832,YLR229C,sce04011
833,YGR090W,sce03008
834,YGL022W,sce00510
835,YPL028W,sce00280
836,YLR359W,sce01110
837,YBR004C,sce00563
838,YOR142W,sce01200
839,YNR016C,sce01212
840,YBR167C,sce03008
841,YKL060C,sce00030
842,YMR170C,sce00561
843,YLR117C,sce03040
844,YBR154C,sce03020
845,YOL059W,sce00564
846,YDL078C,sce01110
847,YDR477W,sce04138
848,YOR275C,sce04144
849,YDR145W,sce03022
850,YDL008W,sce04111
851,YLL036C,sce04120
852,YER125W,sce04120
853,YOR270C,sce04145
854,YMR250W,sce00410
855,tQ_UUG_Q,sce00970
856,YGR087C,sce01110
857,YMR306W,sce00500
858,YPR145W,sce01110
859,YOL140W,sce01210
860,YDR503C,sce00564
861,YCL017C,sce00730
862,YMR323W,sce03018
863,YFR025C,sce01110
864,YGL062W,sce01200
865,YPL015C,sce04213
866,YJR137C,sce00920
867,YPR060C,sce01110
868,YDL141W,sce00780
869,YDR416W,sce03040
870,YMR083W,sce00350
871,YOR046C,sce03015
872,YOR095C,sce01230
873,YKL006C-A,sce04130
874,YCL064C,sce01200
875,YLR272C,sce04111
876,YOR251C,sce00920
877,YCL018W,sce01230
878,YGR085C,sce03010
879,YBR045C,sce04113
880,YMR170C,sce01110
881,YOR111W,sce00240
882,YOL058W,sce00250
883,YDR300C,sce01230
884,YDR460W,sce03022
885,YNL271C,sce04011
886,YMR055C,sce04111
887,YOR101W,sce04138
888,YOL061W,sce00230
889,YFL048C,sce04141
890,YMR235C,sce03013
891,YDL131W,sce00300
892,YNCO0010W,sce00970
893,YKL085W,sce00020
894,YCR048W,sce00100
895,YBR093C,sce04111
896,YNCF0014C,sce00970
897,YMR120C,sce00670
898,YEL058W,sce01250
899,YNCO0012C,sce00970
900,YPL220W,sce03010
901,YDL142C,sce00564
902,YOL133W,sce04141
903,YER070W,sce01232
904,YOR157C,sce03050
905,YDL134C,sce04113
906,YNCH0013C,sce00970
907,YOL056W,sce01230
908,YDR379W,sce04011
909,YHR215W,sce00740
910,YNCG0003C,sce00970
911,YOR278W,sce01110
912,YGL055W,sce01040
913,YOR317W,sce00061
914,YJR143C,sce00514
915,YBR082C,sce04120
916,YPL028W,sce00650
917,YLR089C,sce01210
918,YDL042C,sce04213
919,YKL113C,sce03410
920,YBR208C,sce00791
921,YGL026C,sce00260
922,YFR021W,sce04138
923,YJR049C,sce00760
924,YNCB0001W,sce00970
925,YPL281C,sce01230
926,YML065W,sce04113
927,YFR052W,sce03050
928,YNR001C,sce01210
929,YOR336W,sce04141
930,YLL058W,sce01110
931,YKL035W,sce00520
932,YNCF0002W,sce00970
933,YBR249C,sce01230
934,YGL022W,sce04141
935,YNCM0036C,sce00970
936,YBR256C,sce00740
937,tI_GAU_Q,sce00970
938,YPL234C,sce00190
939,YHR046C,sce00562
940,YIL020C,sce01110
941,YIL160C,sce04146
942,YDR294C,sce00600
943,YFL017C,sce01250
944,YJL136C,sce03010
945,YDL226C,sce04144
946,YDL021W,sce00680
947,YNCD0011W,sce00970
948,YPL061W,sce00561
949,YOR393W,sce00680
950,YNL104C,sce01210
951,YNCG0038C,sce00970
952,YGL148W,sce01110
953,YFL030W,sce00250
954,YFR004W,sce03050
955,YHR171W,sce04136
956,YLR328W,sce01240
957,YCR034W,sce00062
958,YGL103W,sce03010
959,YDL136W,sce03010
960,YLL058W,sce00270
961,YOR074C,sce01232
962,Q0130,sce00190
963,YJL034W,sce04141
964,YDR012W,sce03010
965,YDR328C,sce04141
966,YER177W,sce04011
967,YNL256W,sce00790
968,YOR388C,sce01200
969,YIL162W,sce00052
970,YDL171C,sce00250
971,YMR139W,sce04113
972,YNL113W,sce03020
973,YHR039C-A,sce00190
974,YMR035W,sce03060
975,YER065C,sce01110
976,YLR446W,sce00500
977,YBR092C,sce00730
978,YOR224C,sce03020
979,tR_UCU_Q1,sce00970
980,YCL018W,sce00660
981,YOR202W,sce01110
982,YPR165W,sce04144
983,YBR011C,sce00190
984,YFL017C,sce00520
985,YNCL0037W,sce00970
986,YKL085W,sce00620
987,YDR538W,sce00900
988,YPL076W,sce00563
989,YCL032W,sce04011
990,YDL022W,sce01110
991,YIL116W,sce00360
992,YJL071W,sce01210
993,YNR001C,sce01110
994,YLL009C,sce00190
995,YML064C,sce04111
996,YOR207C,sce03020
997,YNCG0008W,sce00970
998,YMR028W,sce04136
999,YHL018W,sce00790
1000,YDL101C,sce04111
1001,YBR274W,sce04113
1002,YER154W,sce03060
1003,YDL195W,sce04141
1004,YLR425W,sce04011
1005,YER081W,sce01230
1006,YPR103W,sce03050
1007,YLR344W,sce03010
1008,tM_CAU_Q1,sce00970
1009,YJR148W,sce01210
1010,YML126C,sce00280
1011,YFL044C,sce04141
1012,YER043C,sce00270
1013,YDR394W,sce03050
1014,YGR070W,sce04011
1015,YNCD0003W,sce00970
1016,YJR066W,sce04136
1017,YGR063C,sce03250
1018,YGL135W,sce03010
1019,YPR026W,sce00500
1020,YDR244W,sce04146
1021,YKR089C,sce00590
1022,YOR127W,sce04011
1023,YJR066W,sce04213
1024,YML110C,sce01110
1025,YER073W,sce00071
1026,YER073W,sce01240
1027,YLR056W,sce01110
1028,YMR318C,sce00040
1029,YFL058W,sce00730
1030,YOR249C,sce04120
1031,YBL037W,sce04144
1032,YPL206C,sce00564
1033,YDR516C,sce00520
1034,YJL074C,sce04111
1035,YBR263W,sce00670
1036,YKL088W,sce00770
1037,YMR190C,sce03440
1038,YCR012W,sce01200
1039,YPR178W,sce03040
1040,YOR106W,sce04138
1041,YGR109C,sce04111
1042,YDR178W,sce01200
1043,YNCO0008W,sce00970
1044,YBR263W,sce01110
1045,YIR031C,sce00620
1046,YER099C,sce01230
1047,YDR111C,sce00220
1048,YGL076C,sce03010
1049,YPL081W,sce03010
1050,YLR089C,sce01200
1051,YBR196C,sce00500
1052,YMR205C,sce00680
1053,YOR116C,sce03020
1054,YNCJ0015W,sce00970
1055,YKL055C,sce01110
1056,YFL059W,sce00750
1057,YNCL0009C,sce00970
1058,YDR079C-A,sce03022
1059,YIL099W,sce00500
1060,YDR035W,sce00400
1061,YLR304C,sce00630
1062,YHR007C,sce01110
1063,YOL105C,sce04011
1064,YGR060W,sce01110
1065,YIL162W,sce01110
1066,YCL064C,sce01230
1067,YDR481C,sce00730
1068,YAL012W,sce00270
1069,YMR231W,sce04138
1070,YNCI0005W,sce00970
1071,YDR386W,sce03440
1072,YJR094W-A,sce03010
1073,YDR242W,sce00380
1074,YPL231W,sce01212
1075,YAR035W,sce04146
1076,YLL024C,sce04213
1077,YNL130C,sce00564
1078,YER110C,sce03013
1079,YDR017C,sce04138
1080,YJR068W,sce03030
1081,YNL045W,sce00590
1082,YNL335W,sce00791
1083,YDL055C,sce01110
1084,YER003C,sce01110
1085,YMR077C,sce03250
1086,YPL110C,sce00564
1087,YLR174W,sce01200
1088,YDR400W,sce01232
1089,YAL043C,sce03015
1090,YMR207C,sce01110
1091,YOR048C,sce03018
1092,YDR163W,sce03040
1093,YBR189W,sce03010
1094,YDR234W,sce01110
1095,YNCL0001W,sce00970
1096,YHR183W,sce01110
1097,YDR110W,sce04111
1098,YNL147W,sce03040
1099,YOR101W,sce04213
1100,YCL064C,sce01110
1101,YER170W,sce01240
1102,YMR095C,sce00750
1103,YHR018C,sce00220
1104,YPL187W,sce04011
1105,YDR111C,sce01210
1106,YNCE0014W,sce00970
1107,YGL019W,sce04139
1108,YPR173C,sce03250
1109,YIR038C,sce00480
1110,YDL179W,sce04111
1111,YDL215C,sce00910
1112,YKR084C,sce03015
1113,YHL012W,sce00520
1114,YGL148W,sce01230
1115,YPL078C,sce00190
1116,YNL318C,sce04113
1117,YDR004W,sce03440
1118,YGR205W,sce00630
1119,YER031C,sce04144
1120,YIL172C,sce00052
1121,YMR108W,sce00770
1122,YKL106W,sce01200
1123,YGR208W,sce00260
1124,YNCG0023C,sce00970
1125,YOR106W,sce04130
1126,YMR008C,sce00564
1127,YMR036C,sce04011
1128,YNR027W,sce00750
1129,YOR357C,sce04144
1130,YGR170W,sce01110
1131,YDR127W,sce01230
1132,YFR015C,sce00500
1133,YGR108W,sce04011
1134,YBL068W,sce01200
1135,YJL052W,sce01110
1136,YBR146W,sce03010
1137,YHL031C,sce04130
1138,YBL018C,sce03008
1139,YIL164C,sce00380
1140,YNCD0017W,sce00970
1141,YEL066W,sce00470
1142,YDR158W,sce01210
1143,YMR169C,sce00280
1144,YJL130C,sce00250
1145,YKL062W,sce04011
1146,YJL030W,sce04111
1147,YOR095C,sce01200
1148,YLR146C,sce00330
1149,YNCM0007C,sce00970
1150,YOR374W,sce00071
1151,YJR109C,sce01240
1152,YNCK0003W,sce00970
1153,YPR040W,sce04138
1154,YLR058C,sce00630
1155,YDR486C,sce04144
1156,YDL175C,sce03018
1157,YGR287C,sce00052
1158,YNL267W,sce00562
1159,YER001W,sce00514
1160,YOR259C,sce03050
1161,YHR128W,sce01232
1162,YPR111W,sce04111
1163,YBR073W,sce03440
1164,YOR003W,sce04138
1165,YIL145C,sce01240
1166,YNL053W,sce04011
1167,YFL028C,sce03018
1168,YEL012W,sce04120
1169,YER165W,sce03015
1170,YKR089C,sce00100
1171,YLL039C,sce04120
1172,YNCD0012W,sce00970
1173,YPL104W,sce00970
1174,YNCM0006W,sce00970
1175,YJR022W,sce03018
1176,YLR372W,sce01040
1177,YNCP0016W,sce00970
1178,YBR176W,sce01110
1179,YBR020W,sce00520
1180,YIL020C,sce01230
1181,YBL041W,sce03050
1182,tF_GAA_Q,sce00970
1183,YBR003W,sce01110
1184,YMR110C,sce00310
1185,YKL028W,sce03022
1186,YJR086W,sce04011
1187,YBR217W,sce04138
1188,YJL101C,sce00480
1189,YKL085W,sce01200
1190,YOR125C,sce01110
1191,YGL062W,sce01230
1192,YFL018C,sce01240
1193,YNCM0008C,sce00970
1194,YOR208W,sce04011
1195,YDR178W,sce00190
1196,YNCD0001W,sce00970
1197,YCR096C,sce04113
1198,YNCK0018C,sce00970
1199,YER023W,sce00330
1200,YNL299W,sce03018
1201,YCL052C,sce00563
1202,YBR221C,sce01110
1203,YDR086C,sce04145
1204,YER015W,sce00071
1205,YIR029W,sce00230
1206,YLR395C,sce00190
1207,YNL247W,sce00970
1208,YHR030C,sce04011
1209,YGL202W,sce00350
1210,YGR214W,sce03010
1211,YFR036W,sce04113
1212,YMR006C,sce00564
1213,YDL185W,sce00190
1214,YNCB0006W,sce00970
1215,YMR289W,sce00790
1216,YDL168W,sce00071
1217,YNCJ0027C,sce00970
1218,YGL190C,sce03015
1219,YDL229W,sce04141
1220,YOL086C,sce00620
1221,YNL112W,sce03040
1222,YLR229C,sce04144
1223,YJL200C,sce01210
1224,YIL021W,sce03020
1225,YMR278W,sce01110
1226,YDR363W-A,sce03440
1227,YDL102W,sce03440
1228,YNCO0011W,sce00970
1229,YJR016C,sce00290
1230,YOR196C,sce01240
1231,YHR046C,sce04070
1232,YDR300C,sce00330
1233,YGR091W,sce03040
1234,YNCF0012C,sce00970
1235,YLR208W,sce03013
1236,YJL069C,sce03008
1237,YBL068W,sce00030
1238,YKL069W,sce00270
1239,YOR374W,sce00561
1240,YOR108W,sce00290
1241,YNCN0003W,sce00970
1242,YJL164C,sce04213
1243,YMR110C,sce00620
1244,YGL202W,sce00360
1245,YOR108W,sce00620
1246,YDR516C,sce00500
1247,YPL231W,sce00061
1248,YBR110W,sce00513
1249,YCL018W,sce01110
1250,YDL111C,sce03018
1251,YBR006W,sce00310
1252,YGR048W,sce04141
1253,YPR001W,sce01230
1254,YJL096W,sce03010
1255,YPR069C,sce00480
1256,YMR013C,sce00510
1257,YJR078W,sce00380
1258,YBR159W,sce01110
1259,YER144C,sce04144
1260,YOR321W,sce00514
1261,YKL196C,sce04130
1262,YOL033W,sce00860
1263,YOL055C,sce01240
1264,YHR094C,sce04113
1265,YDR032C,sce01240
1266,YMR165C,sce00564
1267,YMR113W,sce01240
1268,YMR105C,sce00500
1269,YLR058C,sce00680
1270,YDL168W,sce01110
1271,YIL146C,sce04139
1272,YBR060C,sce04111
1273,YGL125W,sce00670
1274,YDL083C,sce03010
1275,YOR182C,sce03010
1276,YPL147W,sce02010
1277,YMR303C,sce00071
1278,YDR321W,sce00250
1279,YJL045W,sce01200
1280,YBR242W,sce00230
1281,YJL092W,sce03430
1282,YJR025C,sce01240
1283,YHR188C,sce00563
1284,YDL078C,sce00630
1285,YNCE0008C,sce00970
1286,YDL127W,sce04111
1287,YML070W,sce00051
1288,YDR019C,sce01200
1289,YLR209C,sce01232
1290,YNL189W,sce03013
1291,YOR209C,sce00760
1292,YPR010C,sce03020
1293,YPR019W,sce04113
1294,YBL027W,sce03010
1295,YLR090W,sce04141
1296,YDL166C,sce03008
1297,YOR069W,sce04144
1298,YDL166C,sce00230
1299,YDR409W,sce04120
1300,YFR053C,sce00500
1301,YER073W,sce00770
1302,YHR010W,sce03010
1303,YER014W,sce01110
1304,YOR319W,sce03040
1305,YNR051C,sce04139
1306,YBR248C,sce01110
1307,YNL222W,sce03015
1308,YLR146C,sce00270
1309,YBR065C,sce03040
1310,YPL090C,sce03010
1311,YPR167C,sce00920
1312,YNL316C,sce01110
1313,YOR374W,sce00310
1314,YGL027C,sce04141
1315,YMR020W,sce00330
1316,YMR093W,sce03008
1317,YDL132W,sce04141
1318,YNCE0013W,sce00970
1319,YJL121C,sce01110
1320,YNCG0027W,sce00970
1321,YLR147C,sce04139
1322,YNL290W,sce03430
1323,YLR355C,sce00770
1324,YDR410C,sce00900
1325,YOR085W,sce00510
1326,YJL219W,sce04113
1327,YOR196C,sce00785
1328,YMR213W,sce03040
1329,YHL011C,sce01200
1330,YJL187C,sce04011
1331,YIL035C,sce03008
1332,YER005W,sce00230
1333,YIL074C,sce01230
1334,YOR374W,sce00380
1335,YLR133W,sce00564
1336,YLR103C,sce04111
1337,YLR058C,sce01230
1338,YDR353W,sce00450
1339,YOR096W,sce03010
1340,YKL212W,sce04070
1341,YBR249C,sce01110
1342,YLR129W,sce03008
1343,YBL015W,sce00620
1344,YNL141W,sce00230
1345,YNR006W,sce04145
1346,YAR002W,sce03013
1347,YGL202W,sce00300
1348,YAL012W,sce01230
1349,YKR053C,sce00600
1350,YKR057W,sce03010
1351,YNCK0004W,sce00970
1352,YDL192W,sce04144
1353,YGL095C,sce04138
1354,YER073W,sce00620
1355,YDR382W,sce03010
1356,YJR139C,sce00260
1357,YPR073C,sce00740
1358,YPL053C,sce00513
1359,YGR019W,sce00650
1360,YGR102C,sce00970
1361,YGR254W,sce01230
1362,YNL229C,sce00480
1363,YBR263W,sce01230
1364,YLR158C,sce00250
1365,YMR169C,sce00770
1366,YJL214W,sce04113
1367,YOR313C,sce04113
1368,YPR049C,sce04136
1369,YER133W,sce04113
1370,YLR188W,sce02010
1371,YDL102W,sce03030
1372,YDR153C,sce04144
1373,YGR276C,sce03008
1374,YMR105C,sce00520
1375,YBR035C,sce01240
1376,YNCJ0006W,sce00970
1377,YNR050C,sce00310
1378,YLR306W,sce04120
1379,YKL203C,sce04113
1380,YOL052C,sce00270
1381,YJL076W,sce04111
1382,YKL186C,sce03015
1383,YJR042W,sce03013
1384,YHR205W,sce04138
1385,YNCD0013C,sce00970
1386,YDL082W,sce03010
1387,YDL052C,sce00564
1388,YKL104C,sce00250
1389,YDL021W,sce01230
1390,YEL046C,sce01230
1391,YPL249C-A,sce03010
1392,YHR111W,sce04122
1393,YLL058W,sce00920
1394,YDR287W,sce01110
1395,YJL045W,sce00020
1396,YMR169C,sce01240
1397,YNL329C,sce04146
1398,YHR106W,sce00450
1399,YMR159C,sce04138
1400,YDL194W,sce04113
1401,YML025C,sce03010
1402,YKR094C,sce03010
1403,YKL022C,sce04111
1404,YGL187C,sce00190
1405,YGL184C,sce00450
1406,YMR236W,sce03022
1407,YDR248C,sce01200
1408,YML001W,sce04138
1409,YDR530C,sce00920
1410,YGR218W,sce03013
1411,YGL156W,sce00511
1412,YDR516C,sce01200
1413,YGL245W,sce01240
1414,YGL240W,sce04113
1415,YBL075C,sce04213
1416,YKL013C,sce04144
1417,YDR283C,sce04141
1418,YCR084C,sce04111
1419,YGR192C,sce01110
1420,YNL037C,sce00020
1421,YGL003C,sce04111
1422,YDR399W,sce01110
1423,YKL192C,sce00190
1424,YFL018C,sce00620
1425,YNL284C,sce03010
1426,YGR088W,sce04146
1427,YBL033C,sce01240
1428,YNCO0018W,sce00970
1429,YJL005W,sce04213
1430,YCL009C,sce00290
1431,YIL145C,sce00410
1432,YJL002C,sce00510
1433,YPL240C,sce04141
1434,YJL168C,sce00310
1435,YMR037C,sce04213
1436,YDR011W,sce02010
1437,YMR080C,sce03015
1438,YKL068W,sce03013
1439,YJL148W,sce03020
1440,YJR043C,sce03440
1441,YPL281C,sce01200
1442,YJL200C,sce00300
1443,YJR066W,sce04113
1444,YBR196C,sce00520
1445,YNCJ0014C,sce00970
1446,YNCL0032C,sce00970
1447,YLR025W,sce03250
1448,YDR226W,sce01240
1449,YKL113C,sce03030
1450,YJL030W,sce04113
1451,YFL033C,sce04213
1452,YML004C,sce00620
1453,YJL065C,sce03420
1454,YOR101W,sce04113
1455,YMR062C,sce00220
1456,YDL134C,sce04138
1457,YPL096W,sce04141
1458,YJL140W,sce03020
1459,YNCM0018C,sce00970
1460,YMR205C,sce01230
1461,YLR406C,sce03010
1462,YIL094C,sce01110
1463,YOR179C,sce03015
1464,YMR026C,sce04146
1465,YCL009C,sce01210
1466,YNL009W,sce01200
1467,YDL182W,sce00620
1468,YOL058W,sce00220
1469,YGL008C,sce00190
1470,YKR097W,sce00020
1471,YLR186W,sce03008
1472,YNL117W,sce01110
1473,YOL143C,sce01110
1474,YDR302W,sce00563
1475,YLR029C,sce03010
1476,YDR096W,sce04213
1477,YGR194C,sce00040
1478,YDR481C,sce00790
1479,YLR293C,sce03013
1480,YDR307W,sce00514
1481,YBR020W,sce00052
1482,YDR400W,sce00760
1483,YDR208W,sce00562
1484,YHR166C,sce04111
1485,YKL087C,sce00860
1486,YJR010W,sce00261
1487,YJR159W,sce00040
1488,YOR251C,sce00270
1489,YKL154W,sce03060
1490,YJL068C,sce01200
1491,YGR012W,sce01230
1492,YOR347C,sce01200
1493,YNCI0012,sce03010
1494,YGR128C,sce03008
1495,YDR236C,sce01110
1496,YLR377C,sce00680
1497,YBR052C,sce01110
1498,YNR057C,sce00780
1499,YGR108W,sce04113
1500,YBR243C,sce00510
1501,tC_GCA_Q,sce00970
1502,YER023W,sce01230
1503,YER091C,sce00270
1504,YCR073W-A,sce01200
1505,YGL206C,sce04144
1506,YNCL0039W,sce00970
1507,YBR118W,sce03013
1508,YOR176W,sce00860
1509,YBR289W,sce03250
1510,Q0120,sce00190
1511,YBL082C,sce00510
1512,YFL030W,sce01110
1513,YNCB0012W,sce00970
1514,YNL138W-A,sce03040
1515,YCR053W,sce00750
1516,YJR019C,sce00062
1517,YJR073C,sce01110
1518,YPL002C,sce04144
1519,YKL019W,sce00900
1520,YLR174W,sce04146
1521,YBR278W,sce03030
1522,YNCG0009C,sce00970
1523,YOR063W,sce03010
1524,YNCL0045W,sce00970
1525,YPR160W,sce01110
1526,YPL234C,sce04145
1527,YOL033W,sce01110
1528,YJL203W,sce03040
1529,YER129W,sce04138
1530,YER170W,sce01232
1531,YMR318C,sce01110
1532,YDR142C,sce04146
1533,YJL183W,sce00513
1534,YKL055C,sce01240
1535,YPL151C,sce03040
1536,YJL210W,sce04146
1537,YOL105C,sce04139
1538,YPL061W,sce00380
1539,YJL091C,sce00563
1540,YJL121C,sce00040
1541,YGR254W,sce03018
1542,YGR180C,sce00240
1543,YER146W,sce03018
1544,YCR077C,sce03018
1545,YML126C,sce00900
1546,YNL102W,sce03030
1547,YPR035W,sce00630
1548,YDR411C,sce04141
1549,YLR127C,sce04113
1550,YCR105W,sce00561
1551,YBL023C,sce04113
1552,YJL200C,sce01230
1553,YNL104C,sce00620
1554,YIL009W,sce00071
1555,YKL101W,sce04111
1556,YNCG0035W,sce00970
1557,YDL028C,sce04111
1558,YHR089C,sce03008
1559,YBL078C,sce04139
1560,YGL100W,sce03013
1561,YDR529C,sce00190
1562,YMR318C,sce01240
1563,YKR058W,sce01110
1564,YOL021C,sce03018
1565,YER086W,sce01200
1566,YDL055C,sce01250
1567,YDR477W,sce04113
1568,YBR202W,sce04113
1569,YGR155W,sce01110
1570,YCR068W,sce04138
1571,YER141W,sce01110
1572,YBR242W,sce01232
1573,YBL105C,sce04070
1574,YHR190W,sce01110
1575,YBR001C,sce01110
1576,YJL002C,sce04141
1577,YDL090C,sce01110
1578,YNCB0007W,sce00970
1579,YDR030C,sce03420
1580,YOL136C,sce00051
1581,YEL032W,sce03030
1582,YHR205W,sce04213
1583,YHR072W,sce01110
1584,YOR103C,sce00510
1585,YBR055C,sce03040
1586,YMR110C,sce00770
1587,YGR034W,sce03010
1588,YPL256C,sce04111
1589,YLR299W,sce00430
1590,YBL039C,sce01232
1591,YBR278W,sce03410
1592,YLR044C,sce01110
1593,YNCD0029C,sce00970
1594,YPL178W,sce03013
1595,YPL065W,sce04144
1596,YBR019C,sce00052
1597,YNCP0009W,sce00970
1598,YPL262W,sce01110
1599,YOR210W,sce03020
1600,YER165W,sce03018
1601,YJR131W,sce00510
1602,YBR128C,sce04138
1603,YCR063W,sce03040
1604,YKL211C,sce01110
1605,YOR231W,sce04011
1606,YNCG0025C,sce00970
1607,YML019W,sce00513
1608,YLR222C,sce03008
1609,YMR110C,sce00561
1610,YIL125W,sce01110
1611,YDR097C,sce03430
1612,YER074W,sce03010
1613,YFL018C,sce00310
1614,YLR027C,sce00250
1615,YLR027C,sce00330
1616,YBR283C,sce04145
1617,YJL216C,sce00052
1618,YDR221W,sce04141
1619,YNL037C,sce01210
1620,YMR250W,sce01110
1621,YEL026W,sce03008
1622,YDR158W,sce00261
1623,YIL066C,sce00240
1624,YGL253W,sce00052
1625,YLR187W,sce03018
1626,YDR191W,sce04213
1627,YLR275W,sce03040
1628,YAL012W,sce00260
1629,YBR221C,sce00020
1630,YJL045W,sce01110
1631,YFL030W,sce00260
1632,YER162C,sce03420
1633,YDL131W,sce01210
1634,YOR270C,sce00190
1635,YBR248C,sce01230
1636,YDR440W,sce00310
1637,YLR274W,sce03030
1638,YNL167C,sce04011
1639,YJL049W,sce04144
1640,YBR083W,sce04392
1641,YGR240C,sce01110
1642,YDR156W,sce03020
1643,YCR004C,sce00130
1644,YNL278W,sce03018
1645,YDR047W,sce01240
1646,YGL180W,sce04136
1647,YMR220W,sce01110
1648,YIL072W,sce04113
1649,YDL171C,sce00910
1650,YOR008C,sce04011
1651,YNL277W,sce00920
1652,YDR052C,sce04113
1653,YHR033W,sce01230
1654,YCL030C,sce01110
1655,YML070W,sce00561
1656,YPL140C,sce04011
1657,YJR006W,sce03410
1658,YCR105W,sce01110
1659,Q0158,sce03010
1660,YKL127W,sce00520
1661,YLR088W,sce00563
1662,YFR015C,sce01110
1663,YIL094C,sce01210
1664,YHL011C,sce01110
1665,YNL306W,sce03010
1666,YPL028W,sce00900
1667,YNL139C,sce03040
1668,YNCN0012C,sce00970
1669,YPR184W,sce00500
1670,YDL103C,sce01250
1671,YJL071W,sce01230
1672,YLR058C,sce00260
1673,YOL033W,sce01240
1674,YLR303W,sce00920
1675,YOR061W,sce03008
1676,YKR089C,sce00565
1677,YMR110C,sce00071
1678,YHR067W,sce00061
1679,YHR007C,sce00100
1680,YBR015C,sce00513
1681,YDL188C,sce04136
1682,YBR229C,sce00510
1683,YER073W,sce00310
1684,YNCL0027W,sce03008
1685,YEL051W,sce04145
1686,tR_ACG_Q2,sce00970
1687,YHR079C,sce04141
1688,YCR036W,sce00030
1689,YMR224C,sce03450
1690,YMR170C,sce00053
1691,YOR085W,sce00513
1692,YPR006C,sce00630
1693,YMR170C,sce00310
1694,YKL127W,sce00030
1695,YDL015C,sce01212
1696,YGL086W,sce04111
1697,YBR213W,sce01110
1698,YNR033W,sce01240
1699,YGR098C,sce04113
1700,YPL069C,sce01110
1701,YGL012W,sce01110
1702,YNCP0023W,sce00970
1703,YPR102C,sce03010
1704,YDR092W,sce04120
1705,tS_GCU_Q1,sce00970
1706,YFR053C,sce01200
1707,YML001W,sce04145
1708,YNL248C,sce03020
1709,YBR218C,sce01230
1710,YLR328W,sce00760
1711,YNCB0002W,sce00970
1712,YJR104C,sce04146
1713,YER111C,sce04111
1714,YLR075W,sce03010
1715,YIL066C,sce00230
1716,YPL028W,sce00620
1717,YNCJ0021C,sce00970
1718,YMR165C,sce00561
1719,YLR158C,sce01110
1720,YDR135C,sce02010
1721,YNCJ0008W,sce00970
1722,YNCL0031W,sce03010
1723,YDR523C,sce04113
1724,YOR142W,sce01110
1725,YNCD0021C,sce00970
1726,YML082W,sce01110
1727,YNCG0002C,sce00970
1728,YLR372W,sce00062
1729,YMR207C,sce00620
1730,YNL219C,sce00510
1731,YDR023W,sce00970
1732,YKL001C,sce00230
1733,YDL164C,sce03420
1734,YJR148W,sce01110
1735,YNL130C,sce00565
1736,YGR156W,sce03015
1737,YLR174W,sce01110
1738,YNL154C,sce04392
1739,YGR192C,sce01230
1740,YGR206W,sce04144
1741,YPR062W,sce01232
1742,YDL193W,sce01110
1743,YPR035W,sce01230
1744,YNCG0040C,sce00970
1745,YNCO0030W,sce00970
1746,YPR062W,sce00240
1747,YER155C,sce04011
1748,YBR191W,sce03010
1749,YFR032C-A,sce03010
1750,YJR009C,sce01110
1751,YDL155W,sce04111
1752,YER090W,sce01110
1753,YOR067C,sce00510
1754,YNL139C,sce03013
1755,YDR408C,sce01110
1756,YJL026W,sce00230
1757,YBR242W,sce00240
1758,YMR015C,sce00100
1759,YHR025W,sce01230
1760,YNL132W,sce03008
1761,YLR446W,sce01110
1762,YCL050C,sce00920
1763,YGL019W,sce03008
1764,YDR437W,sce00563
1765,YBR263W,sce01200
1766,YLR234W,sce03440
1767,YNR019W,sce00100
1768,YJL063C,sce03010
1769,YDR329C,sce04146
1770,YDR418W,sce03010
1771,YCR097W,sce04113
1772,YDR300C,sce01110
1773,YFL060C,sce00750
1774,YGR155W,sce00270
1775,YJR105W,sce00230
1776,YHR008C,sce04213
1777,YDR021W,sce03040
1778,YOR311C,sce01110
1779,YDR158W,sce00260
1780,YGL205W,sce01110
1781,YML093W,sce03008
1782,YDL078C,sce00270
1783,YPL061W,sce00340
1784,YLR299W,sce00460
1785,YDR451C,sce04111
1786,YML106W,sce00240
1787,YLR210W,sce04113
1788,YDR502C,sce01230
1789,YHR164C,sce03030
1790,YGL190C,sce04111
1791,YKR031C,sce04144
1792,YJL100W,sce04070
1793,YAL038W,sce00620
1794,YBR026C,sce00062
1795,Q0158,sce03008
1796,YMR001C,sce04111
1797,YLR295C,sce00190
1798,YOR184W,sce00260
1799,YLR420W,sce00240
1800,YNCL0028W,sce03008
1801,YDR260C,sce04120
1802,YGR108W,sce04111
1803,YFR047C,sce00760
1804,YLR164W,sce01110
1805,YDR144C,sce04011
1806,YBL023C,sce04111
1807,YLR079W,sce04111
1808,YMR145C,sce00190
1809,YFL029C,sce04111
1810,YNCE0016C,sce00970
1811,YBR149W,sce00053
1812,YPL178W,sce03040
1813,YNL069C,sce03010
1814,YBL072C,sce03010
1815,YER170W,sce01110
1816,YNCD0027C,sce00970
1817,YDL182W,sce01210
1818,YMR246W,sce01212
1819,YCL005W-A,sce04145
1820,YNCL0025C,sce03010
1821,YMR286W,sce03010
1822,YER070W,sce00240
1823,YOL113W,sce04011
1824,YJL130C,sce00240
1825,YKR089C,sce00564
1826,YNCD0007C,sce00970
1827,YDL052C,sce00561
1828,YML031W,sce03013
1829,YMR020W,sce00410
1830,YMR062C,sce01230
1831,YPR082C,sce03040
1832,YNCP0001C,sce00970
1833,YGR205W,sce01200
1834,YGL213C,sce03018
1835,YMR022W,sce04141
1836,YDR054C,sce04120
1837,YNR003C,sce03020
1838,YGR110W,sce00564
1839,YGL224C,sce00760
1840,YJR068W,sce03430
1841,YMR169C,sce00053
1842,YAL016W,sce03015
1843,YDR035W,sce01110
1844,YPL131W,sce03010
1845,Q0080,sce00190
1846,YOL126C,sce01110
1847,YJR049C,sce01240
1848,YKL106W,sce00330
1849,YNCC0005W,sce00970
1850,YHR077C,sce03013
1851,YDR115W,sce03010
1852,YFL005W,sce04144
1853,YLR155C,sce00460
1854,YMR020W,sce00770
1855,YMR118C,sce01200
1856,YJR156C,sce01240
1857,YGR180C,sce00230
1858,YGL001C,sce00100
1859,YMR278W,sce00052
1860,YDL003W,sce04111
1861,YKL088W,sce01240
1862,YLR081W,sce04113
1863,YGR248W,sce01200
1864,YNCG0028W,sce00970
1865,YPR162C,sce04113
1866,YER056C-A,sce03010
1867,YKL166C,sce04113
1868,YMR274C,sce01110
1869,YNR024W,sce03018
1870,YDR234W,sce01230
1871,YDL138W,sce04113
1872,YIL155C,sce00564
1873,YKL181W,sce00230
1874,YDR378C,sce03040
1875,YAL058W,sce04141
1876,YOR081C,sce01110
1877,YJR057W,sce00240
1878,YLR160C,sce00250
1879,YGR007W,sce00440
1880,YGR240C,sce03018
1881,YER086W,sce00290
1882,YDR226W,sce00230
1883,YGR281W,sce02010
1884,YJR139C,sce00300
1885,YDR086C,sce03060
1886,YDL021W,sce00260
1887,YDL043C,sce03040
1888,YOR155C,sce00760
1889,YPR006C,sce01200
1890,YGR124W,sce00250
1891,YNCB0013W,sce00970
1892,YPL148C,sce00770
1893,YPL058C,sce02010
1894,YBR070C,sce00513
1895,YJR131W,sce04141
1896,YER003C,sce00051
1897,YOL009C,sce04139
1898,YDR495C,sce04138
1899,YIL030C,sce04141
1900,YKR031C,sce00564
1901,YHR186C,sce04136
1902,YCR034W,sce01040
1903,YNL036W,sce00910
1904,YER111C,sce04113
1905,YDR228C,sce03015
1906,YML100W,sce01110
1907,YKL145W,sce03050
1908,YPR056W,sce03420
1909,YMR276W,sce04141
1910,YJR109C,sce00250
1911,YDR256C,sce00380
1912,YEL029C,sce01240
1913,YMR201C,sce03420
1914,YFL008W,sce04113
1915,YDL066W,sce01110
1916,YDR047W,sce00860
1917,YOR217W,sce03420
1918,YLR120C,sce04011
1919,YAL005C,sce03040
1920,YOL151W,sce00640
1921,YDR347W,sce04213
1922,YOR375C,sce00250
1923,YMR170C,sce00770
1924,YNCP0007C,sce00970
1925,YMR274C,sce00900
1926,YGL201C,sce04113
1927,YDR041W,sce03010
1928,YJL026W,sce00480
1929,YBL068W,sce01110
1930,YDL066W,sce00480
1931,YJR121W,sce00190
1932,YBL016W,sce04111
1933,YIL074C,sce00260
1934,YGR244C,sce00020
1935,YOL001W,sce04111
1936,YBL011W,sce01110
1937,YLR342W,sce00500
1938,YDL081C,sce03010
1939,YLR115W,sce03015
1940,YIL002C,sce04070
1941,YHR030C,sce04138
1942,YBR263W,sce00460
1943,YDR147W,sce00564
1944,YBL087C,sce03010
1945,YNCB0011C,sce00970
1946,YDR057W,sce04141
1947,YLL023C,sce03013
1948,YPL100W,sce04138
1949,YGL090W,sce03450
1950,YDR487C,sce01110
1951,YMR084W,sce01250
1952,YCL005W-A,sce00190
1953,YFR055W,sce01230
1954,YOR241W,sce01240
1955,YBR173C,sce03050
1956,YDR020C,sce01232
1957,YPR183W,sce00510
1958,YBR109C,sce04070
1959,YBR221C,sce01200
1960,YHR152W,sce04111
1961,YNCD0018W,sce00970
1962,YNL232W,sce03018
1963,YNL280C,sce01110
1964,YJR109C,sce00240
1965,YIL116W,sce00400
1966,YGR043C,sce00030
1967,YJL097W,sce01040
1968,YML026C,sce03010
1969,YFR034C,sce04111
1970,YMR271C,sce01240
1971,YMR054W,sce04145
1972,YDL006W,sce04011
1973,YJR010W,sce00230
1974,YFR005C,sce03040
1975,YJR148W,sce00280
1976,YOR119C,sce03008
1977,YML042W,sce04146
1978,YOR098C,sce03013
1979,YNCE0025C,sce00970
1980,YPL203W,sce04138
1981,YDR487C,sce00740
1982,YLR388W,sce03010
1983,YNCD0015C,sce00970
1984,YPL129W,sce03022
1985,YNL075W,sce03008
1986,YJL106W,sce04113
1987,YJL221C,sce00500
1988,YNR043W,sce01110
1989,YIL009W,sce01212
1990,YOR221C,sce00061
1991,YJR069C,sce00230
1992,YGL123W,sce03010
1993,YDR533C,sce00620
1994,YAL040C,sce04111
1995,YHR208W,sce00770
1996,YKL060C,sce00051
1997,YKL211C,sce00400
1998,YCL040W,sce01250
1999,YIL162W,sce00500
2000,YOR095C,sce00030
2001,YER005W,sce00240
2002,YPL164C,sce03430
2003,YDR050C,sce01200
2004,YMR110C,sce00410
2005,YGR061C,sce00230
2006,YOR347C,sce01230
2007,YER087C-B,sce03060
2008,YNCL0044W,sce00970
2009,YHR135C,sce04011
2010,YDR436W,sce04113
2011,YLR446W,sce00051
2012,YMR207C,sce01212
2013,YDL120W,sce00860
2014,YOR099W,sce00514
2015,YLR340W,sce03010
2016,YNCL0038W,sce00970
2017,YHR183W,sce00480
2018,YMR083W,sce01110
2019,YNL333W,sce01240
2020,YNR012W,sce01232
2021,YNL049C,sce04141
2022,YFL018C,sce01110
2023,YKL173W,sce03040
2024,YMR189W,sce01200
2025,YOR075W,sce04130
2026,YDR408C,sce00670
2027,YIL164C,sce00910
2028,YJR148W,sce00270
2029,YJR025C,sce00380
2030,YCR105W,sce00040
2031,YHR063C,sce01110
2032,YKL152C,sce01230
2033,YDL075W,sce03010
2034,YBR026C,sce01212
2035,YHR137W,sce00350
2036,YBR169C,sce04141
2037,YBR145W,sce00620
2038,YER069W,sce01110
2039,YDL103C,sce00520
2040,YKL104C,sce01250
2041,YER086W,sce01110
2042,YNCL0028W,sce03010
2043,YFR053C,sce01110
2044,YKL127W,sce01250
2045,YBR273C,sce04141
2046,YNR034W,sce01110
2047,YDR001C,sce00500
2048,YNCE0010W,sce00970
2049,YNR058W,sce00780
2050,YFR050C,sce03050
2051,YOR168W,sce00970
2052,YML035C,sce00230
2053,YOR323C,sce01230
2054,YGR292W,sce00052
2055,YNL333W,sce00750
2056,YNL209W,sce04213
2057,YJL196C,sce01110
2058,YFL026W,sce04011
2059,YLR303W,sce01230
2060,YDR478W,sce03008
2061,YOR125C,sce01240
2062,YNCD0006W,sce00970
2063,YER065C,sce00630
2064,YOL143C,sce00740
2065,YOR184W,sce00750
2066,YNL009W,sce01230
2067,YNL037C,sce01110
2068,YBR196C,sce00030
2069,YKL186C,sce03008
2070,YIL062C,sce04138
2071,YDL007W,sce03050
2072,YGL116W,sce04111
2073,YER081W,sce00270
2074,YER151C,sce04139
2075,YLL026W,sce04213
2076,YPR001W,sce01210
2077,YBR166C,sce01110
2078,YNL209W,sce03040
2079,YDR118W,sce04111
2080,YIL053W,sce00561
2081,YHR091C,sce00970
2082,YBR136W,sce04111
2083,YCL040W,sce00520
2084,YBR263W,sce00680
2085,YGL040C,sce00860
2086,YJL088W,sce00220
2087,YJL137C,sce00500
2088,YFL018C,sce00630
2089,YDR173C,sce04138
2090,YIL160C,sce00071
2091,YCL008C,sce04144
2092,YGL191W,sce00190
2093,YJL121C,sce00030
2094,YHR071W,sce04138
2095,YGL092W,sce03013
2096,YLR028C,sce01110
2097,YAL054C,sce00680
2098,YPR049C,sce04139
2099,YGL173C,sce03008
2100,YML085C,sce04145
2101,YNL064C,sce04141
2102,YML063W,sce03010
2103,YOR111W,sce01232
2104,YGL047W,sce00513
2105,YLR079W,sce04011
2106,YLR354C,sce00030
2107,YPL213W,sce03040
2108,YGR059W,sce04113
2109,YNCH0002C,sce00970
2110,YPR080W,sce03013
2111,YDR036C,sce00410
2112,YNCD0024C,sce00970
2113,YCL027W,sce04011
2114,YNCF0009C,sce00970
2115,YBR160W,sce04113
2116,YGL055W,sce01212
2117,YJL190C,sce03010
2118,YMR106C,sce03450
2119,YHR037W,sce00330
2120,YOR317W,sce01212
2121,YLR447C,sce04145
2122,YJL191W,sce03010
2123,YGR171C,sce00450
2124,YDL131W,sce00620
2125,YMR226C,sce00240
2126,YNL250W,sce03450
2127,YDL098C,sce03040
2128,YNCL0006W,sce03040
2129,YJL053W,sce04144
2130,YKL178C,sce04011
2131,YER122C,sce04144
2132,YML115C,sce00513
2133,YDL208W,sce03008
2134,YFL007W,sce03050
2135,YKL148C,sce00020
2136,YNCM0004C,sce00970
2137,YBR084C-A,sce03010
2138,YJR103W,sce01232
2139,YHR135C,sce04392
2140,YNR034W,sce00030
2141,YFR033C,sce00190
2142,YPL115C,sce04011
2143,YKL055C,sce00780
2144,YHR026W,sce00190
2145,YOL049W,sce00480
2146,YJR010C-A,sce03060
2147,YDL059C,sce03440
2148,YMR022W,sce04120
2149,YGR218W,sce03250
2150,YIL016W,sce04141
2151,YKR009C,sce01200
2152,YOR303W,sce00240
2153,YJL071W,sce01110
2154,YMR205C,sce01110
2155,YNR070W,sce02010
2156,YDR050C,sce00051
2157,YGR113W,sce04111
2158,YDR256C,sce04213
2159,YJL068C,sce00680
2160,YAL044C,sce00260
2161,YLR432W,sce01110
2162,YGR192C,sce01200
2163,YER090W,sce00400
2164,YCR034W,sce01110
2165,YHR144C,sce00240
2166,YGR092W,sce04111
2167,YLL004W,sce04113
2168,YGR092W,sce04392
2169,YLR148W,sce04138
2170,YER178W,sce00620
2171,YMR062C,sce01210
2172,YIL113W,sce04011
2173,YDL065C,sce04146
2174,YIL106W,sce04111
2175,YIL124W,sce00564
2176,YCL040W,sce00052
2177,YLR378C,sce03060
2178,YOR025W,sce04213
2179,YNCC0013W,sce00970
2180,YER103W,sce03040
2181,YNL290W,sce03030
2182,YPR140W,sce00564
2183,YOR374W,sce00340
2184,YDR173C,sce00562
2185,YER015W,sce00061
2186,YEL037C,sce04141
2187,YPL169C,sce03008
2188,YMR239C,sce03008
2189,YHR208W,sce00280
2190,YMR170C,sce00071
2191,YDL205C,sce01110
2192,YDL126C,sce04141
2193,YER105C,sce03013
2194,YJR148W,sce00290
2195,YNCK0017W,sce00970
2196,YML073C,sce03010
2197,YPR006C,sce01110
2198,YDL015C,sce00062
2199,YJL026W,sce01232
2200,YCR005C,sce01210
2201,YIL125W,sce01200
2202,YHR012W,sce04144
2203,YJL186W,sce00513
2204,YNR036C,sce03010
2205,YBR121C,sce00970
2206,YIR027C,sce00230
2207,YBL088C,sce03440
2208,YDR050C,sce00562
2209,tL_UAA_Q,sce00970
2210,YIR031C,sce01200
2211,YPR182W,sce03040
2212,YHR216W,sce01232
2213,YMR169C,sce00380
2214,YOR074C,sce00240
2215,YOR181W,sce04144
2216,YBL013W,sce00670
2217,YNCD0020W,sce00970
2218,YJL050W,sce03018
2219,YHR018C,sce00250
2220,YGL142C,sce00563
2221,YNCK0014W,sce00970
2222,YLR079W,sce04113
2223,YLR180W,sce00270
2224,YML049C,sce03040
2225,YGR220C,sce03010
2226,YER133W,sce03015
2227,YHL011C,sce01230
2228,YGL234W,sce00230
2229,YGL038C,sce00513
2230,YLL024C,sce04144
2231,YFR036W,sce04111
2232,YNL082W,sce03430
2233,YBR159W,sce01040
2234,YGL101W,sce00240
2235,YOR180C,sce04146
2236,YJL166W,sce00190
2237,YNCG0007C,sce00970
2238,YNR030W,sce00510
2239,YGR292W,sce00500
2240,YOL059W,sce04011
2241,YDR315C,sce00562
2242,YOR393W,sce01110
2243,YHR011W,sce00970
2244,YBL039C,sce01240
2245,YOR310C,sce03008
2246,YER141W,sce00190
2247,YDR208W,sce04070
2248,YJR105W,sce01232
2249,YLR446W,sce01250
2250,YNCE0022C,sce00970
2251,YNL147W,sce03018
2252,YMR121C,sce03010
2253,YDR088C,sce03040
2254,YGR204W,sce00670
2255,YNR001C,sce00630
2256,YMR169C,sce00410
2257,YPL270W,sce02010
2258,YMR110C,sce00380
2259,YOL049W,sce00270
2260,YPR069C,sce00330
2261,YFR021W,sce04136
2262,YJR043C,sce03420
2263,YJL011C,sce03020
2264,YBL079W,sce03013
2265,YIR001C,sce03015
2266,YER081W,sce01110
2267,YDR243C,sce03040
2268,YNCC0007C,sce00970
2269,YLL034C,sce03008
2270,YPL218W,sce04141
2271,YGR208W,sce01230
2272,YOR120W,sce00561
2273,YNL289W,sce04111
2274,YNL117W,sce00620
2275,YOR184W,sce01110
2276,YAL038W,sce01230
2277,YJR104C,sce04213
2278,YPL061W,sce00620
2279,YMR205C,sce00030
2280,YER055C,sce01110
2281,YJR048W,sce00190
2282,YOR136W,sce01110
2283,YOR184W,sce00270
2284,YJL071W,sce00220
2285,YBR101C,sce04141
2286,YKL022C,sce04113
2287,YOR061W,sce04139
2288,YNL221C,sce03008
2289,tD_GUC_Q,sce00970
2290,YJL137C,sce01110
2291,YDR242W,sce00330
2292,YBR127C,sce04145
2293,YBR213W,sce00860
2294,YJL153C,sce01110
2295,YCR034W,sce01212
2296,YLR056W,sce00100
2297,YLR100W,sce01110
2298,YLR372W,sce01212
2299,YAR071W,sce04111
2300,YER061C,sce01240
2301,YPR139C,sce01110
2302,YKL148C,sce01110
2303,YLR293C,sce03008
2304,YJR130C,sce00270
2305,YNCL0012C,sce03008
2306,YDR364C,sce03040
2307,YDR256C,sce01110
2308,YLR009W,sce03010
2309,YHR190W,sce00909
2310,YGR188C,sce04113
2311,YNCI0008C,sce00970
2312,YNCD0014C,sce00970
2313,YKR094C,sce04120
2314,YKL113C,sce03450
2315,YHR033W,sce01110
2316,YOR176W,sce01110
2317,YER091C,sce01230
2318,YDR531W,sce00770
2319,YGR040W,sce04011
2320,YDL035C,sce04113
2321,YOR073W,sce04113
2322,YER091C,sce00450
2323,YKL127W,sce00052
2324,YLR240W,sce00562
2325,YER103W,sce04213
2326,YDR208W,sce04144
2327,YLR268W,sce04145
2328,YNR030W,sce00513
2329,YCR073W-A,sce01110
2330,YMR278W,sce01250
2331,YDR324C,sce03008
2332,YJL130C,sce01240
2333,YOR109W,sce00562
2334,YBR019C,sce01250
2335,YKL029C,sce00620
2336,YCR012W,sce01230
2337,YDR208W,sce04011
2338,YOL126C,sce00020
2339,YKL156W,sce03010
2340,YJL005W,sce04113
2341,YCL024W,sce04111
2342,YIL145C,sce00770
2343,YJR102C,sce04144
2344,YDL004W,sce00190
2345,YCR079W,sce04139
2346,YML125C,sce00520
2347,YOR375C,sce00910
2348,YBR029C,sce04070
2349,YNCN0017W,sce00970
2350,YNCE0023W,sce00970
2351,YBR200W,sce04011
2352,YDL205C,sce01240
2353,YLR027C,sce01230
2354,YER070W,sce00480
2355,YDR195W,sce03015
2356,YGR286C,sce00780
2357,YLR355C,sce00290
2358,YDR483W,sce00514
2359,YDR196C,sce01240
2360,YPR036W,sce00190
2361,YLR142W,sce00330
2362,YHR201C,sce00230
2363,YPL094C,sce03060
2364,YLR155C,sce01110
2365,YDR148C,sce01110
2366,YNCE0028C,sce00970
2367,YLL062C,sce01110
2368,YBR153W,sce00740
2369,YGL201C,sce03030
2370,YAL038W,sce01200
2371,YHR186C,sce04213
2372,YNCE0018W,sce00970
2373,YJL167W,sce00900
2374,YNCP0012W,sce00970
2375,YJR065C,sce04144
2376,YJR017C,sce03250
2377,YPL046C,sce04120
2378,YLR300W,sce00500
2379,YJR145C,sce03010
2380,YEL011W,sce01110
2381,YJR143C,sce00515
2382,YAL044C,sce00630
2383,YLR240W,sce04145
2384,YGR129W,sce03040
2385,YDL092W,sce03060
2386,YDL102W,sce03410
2387,YML016C,sce04113
2388,YHR077C,sce03015
2389,YOR150W,sce03010
2390,YHR123W,sce01110
2391,YNCC0008W,sce00970
2392,YHR208W,sce00290
2393,YPR108W,sce03050
2394,YMR306W,sce04011
2395,YOR184W,sce01230
2396,YDR248C,sce00030
2397,YNCO0017W,sce00970
2398,YKL048C,sce04138
2399,YGR109C,sce04113
2400,YER111C,sce04011
2401,YLR058C,sce00670
2402,YMR110C,sce01240
2403,YBR018C,sce01250
2404,YNL250W,sce03440
2405,YHR072W-A,sce03008
2406,YKR058W,sce00500
2407,YGR204W,sce01240
2408,YFR053C,sce00051
2409,YIL143C,sce03420
2410,YFR055W,sce00450
2411,YNCN0006W,sce00970
2412,YOL133W,sce04120
2413,YJL065C,sce03030
2414,YDL185W,sce04145
2415,YOR374W,sce00280
2416,YOR312C,sce03010
2417,YML087C,sce00520
2418,YNCA0002W,sce00970
2419,YHL011C,sce00230
2420,YBR006W,sce00350
2421,YNCF0006W,sce00970
2422,YNR034W,sce01200
2423,YBL082C,sce00513
2424,YDL131W,sce01110
2425,YPL031C,sce04138
2426,YER081W,sce00680
2427,YCL067C,sce04113
2428,YAL030W,sce04130
2429,YNL048W,sce00513
2430,YER081W,sce00260
2431,YDR471W,sce03010
2432,YDR488C,sce04145
2433,YLR028C,sce00670
2434,YGL189C,sce03010
2435,YER099C,sce00230
2436,YFR019W,sce00562
2437,YDR466W,sce04011
2438,YMR250W,sce00250
2439,YCL047C,sce00760
2440,YNCC0010C,sce00970
2441,YBR218C,sce00020
2442,YPL258C,sce00730
2443,YHR170W,sce03013
2444,YHR124W,sce04113
2445,YJR009C,sce01200
2446,YPL140C,sce04139
2447,YIL074C,sce01110
2448,YNCB0017C,sce00970
2449,YKL181W,sce01110
2450,YNL067W,sce03010
2451,YNR001C,sce01230
2452,YFL034C-A,sce03010
2453,YKR014C,sce04144
2454,YEL038W,sce00270
2455,YPL172C,sce00190
2456,YOL151W,sce04011
2457,YCL018W,sce00290
2458,YNCG0022W,sce00970
2459,YFL018C,sce00380
2460,YLR180W,sce01230
2461,YFR028C,sce04111
2462,YOR278W,sce01240
2463,YDL134C,sce03015
2464,YKR082W,sce03013
2465,YPL125W,sce03013
2466,YOR184W,sce00680
2467,YJR013W,sce00563
2468,YNCF0007W,sce00970
2469,YML086C,sce00053
2470,YDL022W,sce00564
2471,YLR270W,sce03018
2472,YPL122C,sce03022
2473,YKL212W,sce00562
2474,YKL210W,sce04120
2475,YJL200C,sce01110
2476,YNCL0018W,sce03010
2477,YJR090C,sce04111
2478,YPL194W,sce04113
2479,YHR067W,sce01212
2480,YNL172W,sce04120
2481,YGL205W,sce04146
2482,YKL041W,sce04144
2483,YLR174W,sce00020
2484,YMR240C,sce03040
2485,YIL107C,sce00051
2486,YOR323C,sce00330
2487,YNCG0019W,sce00970
2488,YPL203W,sce04213
2489,YBR135W,sce04111
2490,YBL033C,sce01110
2491,YFL009W,sce04120
2492,YBR019C,sce01110
2493,YDR381W,sce03015
2494,YEL060C,sce04138
2495,YOL068C,sce04213
2496,tN_GUU_Q,sce00970
2497,YJL097W,sce00062
2498,YCL064C,sce00290
2499,YIL069C,sce03010
2500,YOL056W,sce01110
2501,YEL051W,sce00190
2502,YER061C,sce00780
2503,YKL035W,sce01240
2504,YAR019C,sce04392
2505,YNCP0017C,sce00970
2506,YPL210C,sce03060
2507,YPR081C,sce00970
2508,YPL043W,sce03008
2509,YJR024C,sce00270
2510,YNCM0025C,sce00970
2511,YER055C,sce01230
2512,YLR259C,sce03018
2513,YOR153W,sce02010
2514,YPR119W,sce04111
2515,YMR110C,sce00053
2516,YPL093W,sce03008
2517,YDR447C,sce03010
2518,YML110C,sce00130
2519,YNCG0039W,sce00970
2520,YMR096W,sce00750
2521,YAL012W,sce01110
2522,YGR012W,sce01110
2523,YBR083W,sce04011
2524,YOR332W,sce04145
2525,YIL172C,sce00500
2526,YJR006W,sce03030
2527,YHR019C,sce00970
2528,YLR359W,sce01232
2529,YNL256W,sce01240
2530,YDR118W,sce04120
2531,YNL092W,sce00340
2532,YNL316C,sce01230
2533,YKL184W,sce01110
2534,YOR176W,sce01240
2535,YOR261C,sce03050
2536,YPR132W,sce03010
2537,YGL044C,sce03015
2538,YOR089C,sce04145
2539,YLR354C,sce01230
2540,YHL004W,sce03010
2541,YNCJ0012W,sce00970
2542,YLR287C-A,sce03010
2543,YOR374W,sce01240
2544,YLL015W,sce02010
2545,YDL131W,sce01230
2546,YML022W,sce00230
2547,YFL059W,sce01240
2548,YER019C-A,sce04145
2549,YOR002W,sce00510
2550,YMR199W,sce04111
2551,YMR242C,sce03010
2552,YLR175W,sce03008
2553,YHR186C,sce04138
2554,YLR057W,sce00513
2555,YJR101W,sce04146
2556,YLR438W,sce00330
2557,YDR300C,sce00332
2558,YMR037C,sce04113
2559,YPR047W,sce00970
2560,YDR498C,sce04130
2561,YMR118C,sce00020
2562,YDL184C,sce03010
2563,YOL086C,sce01110
2564,YCR105W,sce01240
2565,YNL312W,sce03030
2566,YFL053W,sce00561
2567,YER015W,sce01212
2568,YNL129W,sce00760
2569,YDR539W,sce01110
2570,YER052C,sce00270
2571,YNCM0022C,sce00970
2572,YGL253W,sce01250
2573,YGL256W,sce00350
2574,YER019W,sce00600
2575,YJL134W,sce00600
2576,YLL058W,sce01230
2577,YMR108W,sce01230
2578,YDR268W,sce00970
2579,YDR001C,sce01110
2580,YKL057C,sce03013
2581,YLR086W,sce04111
2582,YJR123W,sce03010
2583,YGR244C,sce01110
2584,YLR305C,sce00562
2585,YNCJ0017C,sce00970
2586,YNCM0020W,sce00970
2587,YGR158C,sce03018
2588,YGL202W,sce00380
2589,YDL066W,sce01200
2590,YNL072W,sce03030
2591,YIR022W,sce03060
2592,YGR199W,sce00514
2593,YKL144C,sce03020
2594,YKL188C,sce04146
2595,YKL018W,sce03015
2596,YCL009C,sce00650
2597,YKL203C,sce04213
2598,YDR436W,sce03015
2599,YNCK0012C,sce00970
2600,YFL053W,sce01200
2601,YGL022W,sce00513
2602,YBR117C,sce01230
2603,YOR103C,sce00513
2604,YGR254W,sce01110
2605,YGR240C,sce00052
2606,YMR125W,sce03015
2607,YGL067W,sce04146
2608,YIL015W,sce04011
2609,YER142C,sce03410
2610,YFL030W,sce00630
2611,YKL085W,sce00630
2612,YGL172W,sce03013
2613,YGL205W,sce01200
2614,YDR331W,sce00563
2615,YGR088W,sce00380
2616,YOL123W,sce03015
2617,YNCH0015W,sce00970
2618,YGL238W,sce03013
2619,YER100W,sce04120
2620,YPL149W,sce04138
2621,YOR175C,sce00565
2622,YDL015C,sce01040
2623,YLR446W,sce01200
2624,YNL262W,sce03410
2625,YDR454C,sce01232
2626,YMR095C,sce01240
2627,YDR256C,sce04146
2628,YKL085W,sce01110
2629,YER029C,sce03040
2630,YDR388W,sce04144
2631,YMR099C,sce01110
2632,YBR222C,sce00630
2633,YBL075C,sce04141
2634,YEL046C,sce01110
2635,YDL215C,sce00430
2636,YDR064W,sce03010
2637,YNL241C,sce01110
2638,YLR058C,sce01240
2639,YDL174C,sce00620
2640,YGR157W,sce00564
2641,YNCG0017W,sce00970
2642,YHR018C,sce01110
2643,YJR006W,sce03420
2644,YFR002W,sce03013
2645,YLR239C,sce01240
2646,YLR113W,sce04139
2647,YOR360C,sce00230
2648,YLR038C,sce00190
2649,YMR149W,sce00513
2650,YKR067W,sce00564
2651,tW_UCA_Q,sce00970
2652,YHR196W,sce03008
2653,YLR284C,sce00071
2654,YLR153C,sce00620
2655,YLR174W,sce01230
2656,YER070W,sce00230
2657,YJR009C,sce01230
2658,YDR109C,sce00040
2659,YER003C,sce01240
2660,YLR158C,sce00460
2661,YDR284C,sce00561
2662,YJL065C,sce03410
2663,YNCI0003C,sce00970
2664,YLR107W,sce03008
2665,YNCJ0026W,sce00970
2666,YDL166C,sce01110
2667,YNCG0032W,sce00970
2668,YDR232W,sce00260
2669,YDL132W,sce04111
2670,YGR264C,sce00450
2671,YPL143W,sce03010
2672,YJL177W,sce03010
2673,YIL018W,sce03010
2674,YDL182W,sce01230
2675,YBR202W,sce04111
2676,YKL106W,sce01110
2677,YNCO0004C,sce00970
2678,YBR143C,sce03015
2679,YDR036C,sce00640
2680,YDR339C,sce03008
2681,YKL035W,sce01110
2682,YGL067W,sce00760
2683,YGR012W,sce00920
2684,YJR053W,sce04111
2685,YDL035C,sce04213
2686,YNL334C,sce00750
2687,YGL240W,sce04120
2688,YPR107C,sce03015
2689,YGR124W,sce01230
2690,YIL147C,sce04011
2691,YML008C,sce01110
2692,YDR007W,sce01110
2693,YDL164C,sce03410
2694,YPR066W,sce04120
2695,YCR057C,sce03008
2696,YMR080C,sce03013
2697,YPR074C,sce01230
2698,YOR202W,sce01230
2699,YGL062W,sce00020
2700,YPL028W,sce01212
2701,YBR205W,sce00514
2702,YKL161C,sce04011
2703,YOR317W,sce00071
2704,YLR378C,sce04141
2705,YNR041C,sce01110
2706,YHR100C,sce00564
2707,YML015C,sce03022
2708,YGL205W,sce00640
2709,YKL127W,sce01110
2710,YKL060C,sce00680
2711,YBR196C,sce01110
2712,YML021C,sce03410
2713,YIR008C,sce03030
2714,YJR006W,sce03440
2715,YDR111C,sce01200
2716,YML100W,sce00500
2717,YLL045C,sce03010
2718,YHL033C,sce03010
2719,YLR308W,sce00520
2720,YGR244C,sce00640
2721,YMR303C,sce01110
2722,YER069W,sce01210
2723,YBR029C,sce00564
2724,YPR120C,sce04011
2725,YKL060C,sce01200
2726,YDL030W,sce03040
2727,YMR224C,sce03440
2728,YKL060C,sce01230
2729,YBL075C,sce04144
2730,YNCE0021C,sce00970
2731,YOL151W,sce00620
2732,YBR052C,sce01240
2733,YDR180W,sce04111
2734,YPL179W,sce04113
2735,YML065W,sce04111
2736,YLR258W,sce00500
2737,YOR375C,sce00220
2738,YGR277C,sce01240
2739,YER171W,sce03022
2740,YPR119W,sce04011
2741,YOR175C,sce00564
2742,YAR007C,sce03420
2743,YNCH0006C,sce00970
2744,YNCN0020C,sce00970
2745,YCL018W,sce01210
2746,Q0020,sce03010
2747,YPL111W,sce00330
2748,YDR080W,sce04138
2749,YOL096C,sce01110
2750,YCL030C,sce01230
2751,YNCF0008C,sce00970
2752,YPR019W,sce04111
2753,YNCF0005C,sce00970
2754,YIL160C,sce01110
2755,YDR045C,sce03020
2756,YLR176C,sce04111
2757,YGL154C,sce00770
2758,YMR278W,sce00230
2759,YLR410W,sce04070
2760,YBR093C,sce00730
2761,YOR241W,sce00790
2762,YLR167W,sce04120
2763,YMR208W,sce00900
2764,YDL093W,sce00515
2765,YIL106W,sce04392
2766,YKL106W,sce00400
2767,YLR397C,sce03008
2768,YPR020W,sce00190
2769,YPR113W,sce04070
2770,YIL109C,sce04141
2771,YKL148C,sce01200
2772,YKL106W,sce00250
2773,YHL032C,sce00561
2774,YAL054C,sce00630
2775,YNCG0029C,sce00970
2776,YNL301C,sce03010
2777,YBR001C,sce00500
2778,YHR092C,sce04113
2779,YOR221C,sce01212
2780,YER179W,sce04113
2781,YNCD0028W,sce00970
2782,YMR101C,sce01110
2783,YMR318C,sce00561
2784,YDR371W,sce00520
2785,YOR288C,sce04141
2786,YKL216W,sce00240
2787,YBR201W,sce04141
2788,YIL049W,sce00510
2789,YKL013C,sce04138
2790,YER014W,sce00860
2791,YNCP0024C,sce00970
2792,YGL202W,sce00400
2793,YNL162W,sce03010
2794,YER112W,sce03040
2795,YOR039W,sce04139
2796,YOL061W,sce01200
2797,YGR014W,sce04011
2798,YJL128C,sce04011
2799,YGL031C,sce03010
2800,YNL265C,sce04144
2801,YLL021W,sce04011
2802,YDL064W,sce03013
2803,YPL281C,sce00680
2804,YOR142W,sce00640
2805,YJL034W,sce03060
2806,YIL074C,sce00680
2807,YMR110C,sce00280
2808,YER061C,sce01212
2809,YNCN0011W,sce00970
2810,YJL155C,sce00051
2811,YMR143W,sce03010
2812,YPL045W,sce04138
2813,YOR143C,sce00730
2814,YMR170C,sce00340
2815,YGR202C,sce00564
2816,YMR108W,sce00650
2817,YNL096C,sce03010
2818,YML013W,sce04141
2819,YDL232W,sce00513
2820,YNL223W,sce04138
2821,YNR033W,sce00790
2822,YMR120C,sce01110
2823,YOR033C,sce03430
2824,YGL070C,sce03020
2825,YOR374W,sce00330
2826,YLR211C,sce04138
2827,YNR016C,sce00061
2828,YPL175W,sce00563
2829,YER106W,sce04113
2830,YHR081W,sce03018
2831,YOR185C,sce03250
2832,YMR234W,sce03030
2833,YGL226C-A,sce00513
2834,YDL229W,sce04213
2835,YER052C,sce00261
2836,YLR153C,sce01110
2837,YDR311W,sce03022
2838,YKL079W,sce04144
2839,YHL007C,sce04011
2840,YDR461W,sce04011
2841,YEL021W,sce01240
2842,YBL011W,sce00564
2843,YNR026C,sce04141
2844,YDL066W,sce04146
2845,YDL024C,sce00740
2846,YOR046C,sce03013
2847,YKL132C,sce01240
2848,YGL009C,sce01110
2849,YNCJ0023C,sce00970
2850,YJL095W,sce04011
2851,YOR251C,sce04122
2852,YJR046W,sce04111
2853,YER183C,sce00670
2854,YBR160W,sce04111
2855,YNCG0033W,sce00970
2856,YDL190C,sce04120
2857,YDR322C-A,sce00190
2858,YBR111C,sce00230
2859,YBR110W,sce00510
2860,YAL014C,sce04130
2861,YOR368W,sce04113
2862,YNCB0005C,sce00970
2863,YBR236C,sce03015
2864,YJR094C,sce04113
2865,YBR020W,sce01250
2866,YLR447C,sce00190
2867,YDR354W,sce01230
2868,YPL262W,sce00620
2869,YOR234C,sce03010
2870,YNCK0016W,sce00970
2871,YNCD0022C,sce00970
2872,YGL205W,sce01040
2873,YBR017C,sce03013
2874,YPL169C,sce03015
2875,YDR410C,sce01110
2876,YOL147C,sce04146
2877,YER073W,sce00330
2878,YNCF0004C,sce00970
2879,YJL189W,sce03010
2880,YML098W,sce03022
2881,YPL011C,sce03022
2882,YDL095W,sce00515
2883,YAR007C,sce03030
2884,YDL061C,sce03010
2885,YHL001W,sce03010
2886,YDR283C,sce04138
2887,YOR236W,sce00790
2888,YOL096C,sce01240
2889,YLR355C,sce01230
2890,YPL122C,sce03420
2891,YNCC0002W,sce00970
2892,YJL164C,sce04138
2893,YBL050W,sce04138
2894,YNL169C,sce00564
2895,YBR087W,sce03030
2896,YDR473C,sce03040
2897,YGR248W,sce01110
2898,YDL134C,sce04136
2899,YER052C,sce01110
2900,YNCL0040W,sce00970
2901,YHR098C,sce04141
2902,YNCE0012W,sce00970
2903,YNL192W,sce00520
2904,YHR144C,sce01232
2905,YMR323W,sce00680
2906,YER103W,sce04141
2907,YDR538W,sce01110
2908,YDL188C,sce03015
2909,YGR195W,sce03018
2910,YER069W,sce01230
2911,YNL332W,sce01240
2912,YEL021W,sce00240
2913,YDL155W,sce04113
2914,YNCP0022W,sce00970
2915,YPR139C,sce00564
2916,YHL002W,sce04144
2917,YHR163W,sce01110
2918,YER015W,sce04146
2919,YMR083W,sce00620
2920,YDL045C,sce01240
2921,YNCK0019W,sce00970
2922,YGR020C,sce00190
2923,YGR036C,sce00510
2924,YPR160W,sce00500
2925,YGR240C,sce01200
2926,YNCE0029C,sce00970
2927,tA_UGC_Q,sce00970
2928,YOR136W,sce01200
2929,YPR139C,sce00561
2930,YEL032W,sce04111
2931,YFR019W,sce04070
2932,YML126C,sce00650
2933,YDR406W,sce02010
2934,YMR271C,sce00240
2935,YLR197W,sce03008
2936,YJL041W,sce03013
2937,YLR303W,sce01200
2938,YBR256C,sce01240
2939,YDR381W,sce03013
2940,YOL010W,sce03008
2941,YPR019W,sce03030
2942,YOR275C,sce03250
2943,YIL083C,sce01240
2944,YNL185C,sce03010
2945,YMR037C,sce04011
2946,YLR240W,sce04070
2947,YGR157W,sce01110
2948,YPL256C,sce04011
2949,YKR069W,sce01110
2950,YLR027C,sce01110
2951,YBL039C,sce00240
2952,YER073W,sce00561
2953,YOR274W,sce01110
2954,YGL245W,sce00860
2955,YML022W,sce01232
2956,YNCP0011C,sce00970
2957,YKL035W,sce00040
2958,YAR019C,sce04111
2959,YKL166C,sce04213
2960,YDR236C,sce00740
2961,YML082W,sce00270
2962,YNR050C,sce00300
2963,YMR214W,sce04141
2964,YOL043C,sce03410
2965,YDR328C,sce04111
2966,YPL153C,sce04113
2967,YMR105C,sce00230
2968,YGL037C,sce04213
2969,YKL196C,sce04138
2970,YPR180W,sce04120
2971,YHR096C,sce04113
2972,YER073W,sce00380
2973,YLL004W,sce04111
2974,YML056C,sce00230
2975,YLR450W,sce00900
2976,YIL160C,sce00592
2977,YMR043W,sce04111
2978,YKL035W,sce00052
2979,YLR206W,sce04144
2980,YOR075W,sce04145
2981,YLR160C,sce01110
2982,YOL013C,sce04141
2983,YLR450W,sce01110
2984,YFR019W,sce04145
2985,YBR234C,sce04138
2986,YNCG0043C,sce00970
2987,YGR254W,sce01200
2988,YGL184C,sce01230
2989,YGL202W,sce00130
2990,YDL029W,sce04144
2991,YDR428C,sce00630
2992,YLR370C,sce04144
2993,YER112W,sce03018
2994,YDL017W,sce04113
2995,YAR019C,sce04113
2996,YBR117C,sce00030
2997,YKL035W,sce00500
2998,YNL282W,sce03008
2999,YMR096W,sce01240
3000,YNCD0026W,sce00970
3001,YGR019W,sce00280
3002,YLR274W,sce04113
3003,YDR427W,sce03050
3004,YPL273W,sce01110
3005,YDR439W,sce04113
3006,YPR086W,sce03022
3007,YPL061W,sce00330
3008,YIR034C,sce01110
3009,YDR500C,sce03010
3010,YBR006W,sce00760
3011,YGR267C,sce00790
3012,YAL012W,sce00450
3013,YGL040C,sce01110
3014,YIL125W,sce00020
3015,YKL074C,sce03040
3016,YNL128W,sce04070
3017,YOL140W,sce01230
3018,YKL140W,sce00100
3019,YJR149W,sce00910
3020,YDR116C,sce03010
3021,YNCI0002W,sce00970
3022,YNL172W,sce04113
3023,YDL078C,sce01200
3024,YNCP0004C,sce00970
3025,YPL117C,sce01110
3026,YNCI0011W,sce00970
3027,YDR457W,sce04120
3028,YDL085W,sce00190
3029,YBL080C,sce00970
3030,YDL190C,sce04141
3031,YLR109W,sce04122
3032,YDR020C,sce00240
3033,YLR017W,sce00270
3034,YPR024W,sce04139
3035,YPR060C,sce01230
3036,YNL261W,sce04113
3037,YHR026W,sce04145
3038,YKL024C,sce01240
3039,YNCD0008W,sce00970
3040,YEL024W,sce00190
3041,YMR164C,sce04011
3042,YNCO0013C,sce00970
3043,YML054C,sce00620
3044,YFL018C,sce01200
3045,YAL054C,sce01200
3046,YNCM0023C,sce00970
3047,YDL235C,sce04011
3048,YBR183W,sce00600
3049,YPR001W,sce01200
3050,YJL100W,sce00562
3051,Q0115,sce00190
3052,YJR125C,sce04144
3053,YNCG0018C,sce00970
3054,YBR234C,sce04144
3055,YCR011C,sce02010
3056,tT_UGU_Q1,sce00970
3057,YDR287W,sce04070
3058,YNCE0026W,sce00970
3059,YMR015C,sce01110
3060,YPL169C,sce03013
3061,YOR159C,sce03040
3062,YML106W,sce01240
3063,YMR207C,sce00061
3064,YDR321W,sce01110
3065,YNCI0006W,sce00970
3066,YDL171C,sce01230
3067,YJL196C,sce01212
3068,YNR035C,sce04144
3069,YLR180W,sce01110
3070,YNCN0002C,sce00970
3071,YOL031C,sce04141
3072,YNL242W,sce04138
3073,YNCP0020W,sce00970
3074,YGR061C,sce01110
3075,YGR019W,sce00640
3076,YPR062W,sce00330
3077,YDR035W,sce01230
3078,YER061C,sce00061
3079,YGR094W,sce00970
3080,YDL106C,sce04111
3081,YMR110C,sce01110
3082,YIL038C,sce03018
3083,YOL058W,sce01110
3084,YNCN0016C,sce00970
3085,YNCG0030C,sce00970
3086,YLR351C,sce00250
3087,YPL147W,sce04146
3088,YER014W,sce01240
3089,YBL098W,sce01240
3090,YNL106C,sce04070
3091,YPR074C,sce01200
3092,YML027W,sce04111
3093,YGL257C,sce00514
3094,YBL078C,sce04138
3095,YGR240C,sce00051
3096,YBL075C,sce03040
3097,YAL040C,sce04113
3098,YOR212W,sce04011
3099,YCL009C,sce01110
3100,YLR028C,sce00230
3101,YHR208W,sce00270
3102,YLR064W,sce03013
3103,YFL018C,sce00640
3104,YDR400W,sce00240
3105,YNCI0009W,sce00970
3106,YDR178W,sce00020
3107,YPL069C,sce00900
3108,YPR036W,sce04145
3109,YNCN0005C,sce03040
3110,YMR323W,sce01230
3111,YPR191W,sce00190
3112,YMR288W,sce03040
3113,YKL060C,sce01110
3114,YGL030W,sce03010
3115,YDR173C,sce04070
3116,YNL098C,sce04113
3117,YJR101W,sce04213
3118,YJR066W,sce04138
3119,YCR005C,sce01110
3120,YER069W,sce00220
3121,YDL229W,sce03040
3122,YBR088C,sce03410
3123,YJR010W,sce00450
3124,YLR153C,sce01200
3125,YGL205W,sce01212
3126,YGR118W,sce03010
3127,YER099C,sce01110
3128,YLL058W,sce00450
3129,YIL160C,sce00280
3130,YNCN0013W,sce03008
3131,YCL009C,sce01230
3132,YNR031C,sce04011
3133,YGL173C,sce03018
3134,YNL009W,sce01210
3135,YNR011C,sce03040
3136,YCR014C,sce03450
3137,YIL148W,sce03010
3138,YNL298W,sce04011
3139,YNCK0005C,sce00970
3140,YOR311C,sce00564
3141,YBL105C,sce04139
3142,YNR001C,sce01200
3143,YLR164W,sce01200
3144,YDR337W,sce03010
3145,YDR009W,sce00520
3146,YGR254W,sce00680
3147,YJL216C,sce00500
3148,YMR208W,sce01110
3149,YER086W,sce01230
3150,YBR208C,sce00220
3151,YDR086C,sce04141
3152,YCR092C,sce03430
3153,YBR006W,sce00650
3154,YOR194C,sce03022
3155,YML120C,sce00190
3156,YPR016C,sce03008
3157,YIR019C,sce04011
3158,YGL179C,sce04138
3159,YKL002W,sce04144
3160,YGL116W,sce04120
3161,YHR203C,sce03010
3162,YFL018C,sce00280
3163,YMR028W,sce04138
3164,YJL101C,sce00270
3165,YDL207W,sce03015
3166,YKR035W-A,sce04144
3167,YDL188C,sce04111
3168,YPL172C,sce01240
3169,YDR158W,sce00270
3170,YPL028W,sce01110
3171,YLR432W,sce00230
3172,YLR274W,sce04111
3173,YGL001C,sce01110
3174,YOL086C,sce00350
3175,YJR019C,sce01110
3176,YGL205W,sce00410
3177,YKL203C,sce04139
3178,YNCO0001C,sce00970
3179,YNCM0033C,sce00970
3180,YEL071W,sce00620
3181,YDR208W,sce04139
3182,YIL013C,sce02010
3183,YNCN0009W,sce00970
3184,YMR202W,sce00100
3185,YNL220W,sce01240
3186,YBR221C,sce00620
3187,YCR035C,sce03018
3188,YOR076C,sce03018
3189,YDL238C,sce01232
3190,YGR218W,sce03008
3191,YGL219C,sce04139
3192,YOR095C,sce01110
3193,YPL061W,sce00310
3194,YDR516C,sce01110
3195,YPR094W,sce03040
3196,YOR081C,sce00592
3197,YMR149W,sce00510
3198,YMR246W,sce04146
3199,YER013W,sce03040
3200,YOR236W,sce00670
3201,YOR330C,sce04139
3202,YDR307W,sce00515
3203,YOL094C,sce03030
3204,YOR340C,sce03020
3205,YCR105W,sce00053
3206,YEL002C,sce00510
3207,YIL044C,sce04144
3208,YDR017C,sce04070
3209,YHR037W,sce00250
3210,YGL058W,sce04120
3211,YDR170C,sce04144
3212,YBR035C,sce00750
3213,YJR057W,sce01232
3214,YIL002C,sce00562
3215,YKL067W,sce01110
3216,YDR099W,sce04011
3217,YBL092W,sce03010
3218,YOL094C,sce03430
3219,YBR299W,sce00500
3220,YNL048W,sce00510
3221,YER147C,sce04111
3222,YBR084W,sce01240
3223,YPR175W,sce03410
3224,YDR019C,sce00630
3225,YML114C,sce03022
3226,YKL181W,sce00030
3227,YJL167W,sce01110
3228,YLR146C,sce00480
3229,YDL165W,sce03018
3230,YNL009W,sce00020
3231,YDR036C,sce00280
3232,YKR025W,sce03020
3233,YDR111C,sce01230
3234,YLR370C,sce04138
3235,YMR205C,sce03018
3236,YMR194W,sce03010
3237,YOL086C,sce00071
3238,YER052C,sce00260
3239,YDL093W,sce00514
3240,YLR167W,sce03010
3241,YOR040W,sce00620
3242,YMR193W,sce03010
3243,YOR108W,sce01210
3244,YLR057W,sce00510
3245,YER026C,sce00564
3246,YIR031C,sce00630
3247,YDR341C,sce00970
3248,YPR190C,sce03020
3249,YDR284C,sce01110
3250,YLR113W,sce04011
3251,YJR010W,sce01110
3252,YGL210W,sce04144
3253,YER073W,sce01110
3254,YLR048W,sce03010
3255,YGL253W,sce01110
3256,YGR072W,sce03015
3257,YDL215C,sce00250
3258,YIL061C,sce03040
3259,YLR245C,sce01232
3260,YJR006W,sce03430
3261,YLR174W,sce01210
3262,YBR196C,sce01250
3263,YDR363W-A,sce03050
3264,YLR103C,sce04113
3265,YNCJ0013C,sce00970
3266,YDR502C,sce00999
3267,YBR088C,sce03430
3268,YHL022C,sce04113
3269,YML010W,sce03250
3270,YOR327C,sce04130
3271,YEL027W,sce04145
3272,YDL202W,sce03010
3273,YBR196C,sce01200
3274,YNL241C,sce00480
3275,YJR130C,sce00450
3276,YBR126C,sce01110
3277,YBR117C,sce01200
3278,YGR186W,sce03022
3279,YDR499W,sce04111
3280,YNCL0016C,sce03010
3281,YDR242W,sce00360
3282,YER055C,sce00340
3283,YPR001W,sce00020
3284,YJL002C,sce00513
3285,YGR180C,sce01232
3286,YGL202W,sce00270
3287,YBL084C,sce04120
3288,YGR199W,sce00515
3289,YJL097W,sce01212
3290,YOL100W,sce04011
3291,YPR072W,sce03018
3292,YLR127C,sce04111
3293,YMR108W,sce01110
3294,YOR136W,sce01230
3295,YDR044W,sce00860
3296,YDR342C,sce04113
3297,YBR080C,sce04138
3298,YGR185C,sce00970
3299,YPL022W,sce03420
3300,YNCM0024W,sce00970
3301,YDR285W,sce04113
3302,YNCM0010W,sce00970
3303,YJR068W,sce03420
3304,YNCK0011C,sce00970
3305,YOR254C,sce04141
3306,YKL010C,sce04120
3307,YMR189W,sce00260
3308,YER073W,sce00340
3309,YER125W,sce04011
3310,YNL071W,sce01200
3311,YBL047C,sce04144
3312,YGL212W,sce04130
3313,YDR232W,sce00860
3314,YCR053W,sce00260
3315,YFR031C-A,sce03010
3316,YGL037C,sce01240
3317,YBR166C,sce00400
3318,YER052C,sce01210
3319,YLR288C,sce04113
3320,YLR258W,sce01110
3321,YHR001W-A,sce00190
3322,YHR143W-A,sce03020
3323,YEL054C,sce03010
3324,YCR005C,sce01200
3325,YNCL0029W,sce03008
3326,YHR137W,sce00360
3327,YGR252W,sce03250
3328,YJL196C,sce00062
3329,YHR084W,sce04011
3330,YOR347C,sce00620
3331,YOR217W,sce03430
3332,YHR215W,sce04111
3333,YHR208W,sce01210
3334,YMR217W,sce00230
3335,YGL240W,sce04111
3336,Q0105,sce00190
3337,YKL148C,sce00190
3338,YKL062W,sce04138
3339,YDL159W,sce04011
3340,YJR148W,sce01240
3341,YGR007W,sce00564
3342,YHR030C,sce04139
3343,YML103C,sce03013
3344,YNL302C,sce03010
3345,tS_UGA_Q2,sce00970
3346,YBR019C,sce00520
3347,YML070W,sce01200
3348,YLR377C,sce01110
3349,YNCD0025W,sce00970
3350,YDR207C,sce04138
3351,YDR232W,sce01240
3352,YDR538W,sce00740
3353,YDR113C,sce04113
3354,YNCA0006C,sce00970
3355,YHL012W,sce00500
3356,YPL172C,sce00860
3357,YDR019C,sce01110
3358,YHR033W,sce00332
3359,YNL312W,sce03430
3360,YNL317W,sce03015
3361,YER087W,sce00970
3362,YGL101W,sce01232
3363,YIL116W,sce01110
3364,YOR393W,sce01200
3365,YNL163C,sce03008
3366,YDL132W,sce04120
3367,YNCI0007C,sce00970
3368,YDR380W,sce00360
3369,YOR303W,sce00250
3370,YBR257W,sce03008
3371,YOL140W,sce01110
3372,YOR249C,sce04113
3373,YDL182W,sce01110
3374,YER103W,sce04144
3375,YPR079W,sce04145
3376,YJR139C,sce01110
3377,YDR146C,sce04111
3378,YGL202W,sce01110
3379,YOR008C,sce04139
3380,YPL028W,sce00071
3381,YCR105W,sce00620
3382,YAL054C,sce01110
3383,YDL102W,sce03430
3384,YOR341W,sce03020
3385,YOL038W,sce03050
3386,YGL040C,sce01240
3387,YIR034C,sce00310
3388,YGR267C,sce01240
3389,YNL316C,sce00400
3390,YDR518W,sce04141
3391,YLR089C,sce01230
3392,YOL018C,sce04130
3393,YJR093C,sce03015
3394,YDR487C,sce01240
3395,YNL219C,sce00513
3396,YPL111W,sce00220
3397,tP_UGG_Q,sce00970
3398,YCR073W-A,sce00030
3399,YKL181W,sce01200
3400,YIL046W,sce04120
3401,YOR321W,sce00515
3402,YKL216W,sce01240
3403,YNCE0015C,sce00970
3404,YHL015W,sce03010
3405,YDR177W,sce04120
3406,YMR037C,sce04138
3407,YML082W,sce00920
3408,YOR332W,sce00190
3409,YJR090C,sce04120
3410,YHR118C,sce04111
3411,YFR025C,sce00340
3412,YHR118C,sce04113
3413,YNL141W,sce01232
3414,YDR103W,sce04011
3415,YNL220W,sce00230
3416,YKL106W,sce00360
3417,YJR113C,sce03010
3418,YNCC0009C,sce00970
3419,YFL045C,sce01250
3420,YGR175C,sce00909
3421,YER068W,sce03018
3422,YDL193W,sce00900
3423,YNR016C,sce01110
3424,YKL094W,sce00561
3425,YML024W,sce03010
3426,YGL065C,sce00513
3427,YMR227C,sce03022
3428,YGR027C,sce03010
3429,YKL001C,sce00920
3430,YGL065C,sce00510
3431,YNCG0011W,sce00970
3432,YLR355C,sce01210
3433,YOR065W,sce00190
3434,YGL027C,sce00510
3435,tH_GUG_Q,sce00970
3436,YNCD0023C,sce00970
3437,YNCH0001W,sce00970
3438,YLR018C,sce03013
3439,YLL018C,sce00970
3440,YPR074C,sce00030
3441,YNR043W,sce00900
3442,YNCH0010C,sce00970
3443,YFL033C,sce04113
3444,YNCD0005C,sce00970
3445,YNL098C,sce04138
3446,YIL098C,sce04139
3447,YKL146W,sce04138
3448,YPL013C,sce03010
3449,YNL253W,sce03013
3450,YER003C,sce01250
3451,YPR110C,sce03020
3452,YLL036C,sce03040
3453,YOR160W,sce03250
3454,YHR020W,sce00970
3455,YFL030W,sce00680
3456,YPL061W,sce01110
3457,YLR359W,sce01240
3458,YML075C,sce00900
3459,YLR100W,sce00100
3460,YMR186W,sce04141
3461,YPR175W,sce03420
3462,YDR260C,sce04113
3463,YNCE0004C,sce00970
3464,YPR189W,sce03018
3465,YDR530C,sce00230
3466,YHR208W,sce01240
3467,YLR438C-A,sce03040
3468,YHR166C,sce04113
3469,YDL045C,sce01110
3470,YPL120W,sce04138
3471,YDL084W,sce03015
3472,YBR213W,sce01240
3473,YPR025C,sce03022
3474,YBR084W,sce00670
3475,YCL038C,sce04138
3476,YOL157C,sce00052
3477,YBR018C,sce00520
3478,YLR345W,sce00051
3479,YDR021W,sce03015
3480,YAL016W,sce04111
3481,YGL003C,sce04120
3482,YDR404C,sce03020
3483,YAL023C,sce00515
3484,YNL009W,sce04146
3485,YML081C-A,sce00190
3486,YHL012W,sce00052
3487,YNCL0034W,sce00970
3488,YER050C,sce03010
3489,YIL147C,sce04139
3490,YDL147W,sce03050
3491,YNL052W,sce00190
3492,YDL066W,sce00020
3493,YER146W,sce03040
3494,YAL060W,sce00650
3495,YNCL0027W,sce03010
3496,YNCG0037W,sce00970
3497,YLR106C,sce03008
3498,YNL277W,sce00270
3499,YML055W,sce03060
3500,YBL084C,sce04113
3501,YKL059C,sce03015
3502,YJL128C,sce04139
3503,YCL040W,sce01200
3504,YNCE0005W,sce00970
3505,YLR157C,sce00250
3506,YOR335C,sce00970
3507,YCR024C,sce00970
3508,YHR163W,sce00030
3509,YJL157C,sce04111
3510,YJL046W,sce00785
3511,YLR058C,sce01110
3512,YPL268W,sce00562
3513,YLR027C,sce00360
3514,YDR428C,sce01240
3515,YGR088W,sce01110
3516,YJL073W,sce04141
3517,YKL197C,sce04146
3518,YBR202W,sce03030
3519,YFR053C,sce01250
3520,YKL104C,sce00520
3521,YBL033C,sce00740
3522,YER012W,sce03050
3523,YJR130C,sce01110
3524,YMR281W,sce00563
3525,YDR047W,sce01110
3526,YLR089C,sce00250
3527,YCR053W,sce01110
3528,YNCJ0022C,sce00970
3529,YDR178W,sce01110
3530,YMR165C,sce01110
3531,YGL202W,sce01210
3532,YMR183C,sce04130
3533,YNL220W,sce01232
3534,YDL097C,sce03050
3535,YAL021C,sce03018
3536,YPL126W,sce03008
3537,YLR377C,sce00030
3538,YAL062W,sce00910
3539,YDR050C,sce01230
3540,YFL025C,sce00563
3541,YIL079C,sce03018
3542,YBR176W,sce00770
3543,YBR263W,sce00260
3544,YOL066C,sce00740
3545,YPL100W,sce04136
3546,YLR260W,sce00600
3547,YML095C,sce03420
3548,YNCJ0019C,sce00970
3549,YGL163C,sce03440
3550,YLL041C,sce01200
3551,YJR035W,sce03420
3552,YAL062W,sce00220
3553,YNCG0004W,sce00970
3554,YOR393W,sce03018
3555,YHR025W,sce00260
3556,YLR027C,sce00270
3557,YNCL0030W,sce03008
3558,YGL026C,sce00400
3559,YNCK0002C,sce00970
3560,YER125W,sce04144
3561,YJR002W,sce03008
3562,YCR067C,sce04141
3563,YDR502C,sce00270
3564,YGR032W,sce00500
3565,YOR014W,sce03015
3566,YAL032C,sce03040
3567,YMR062C,sce01110
3568,YGR020C,sce04145
3569,YBR159W,sce01212
3570,YNCJ0020W,sce00970
3571,YIL009W,sce00061
3572,YJR110W,sce04138
3573,YNL220W,sce00250
3574,YNCO0023W,sce00970
3575,YOR323C,sce00332
3576,YNCL0008W,sce00970
3577,YMR150C,sce03060
3578,YKR067W,sce00561
3579,YKL067W,sce01232
3580,YGR233C,sce04111
3581,YIL034C,sce04144
3582,YBR006W,sce00250
3583,YGR144W,sce01240
3584,YER006W,sce03008
3585,YLR102C,sce04113
3586,YCL061C,sce04111
3587,YML019W,sce04141
3588,YLR304C,sce01230
3589,YDR298C,sce00190
3590,YKL055C,sce00061
3591,YGR144W,sce00730
3592,YJL121C,sce01230
3593,YKL067W,sce00240
3594,YBR048W,sce03010
3595,YAL002W,sce04138
3596,YGR264C,sce00970
3597,YJL109C,sce03008
3598,YPR145W,sce00250
3599,YDR292C,sce03060
3600,YDL215C,sce00220
3601,YLR209C,sce00760
3602,YER052C,sce00300
3603,YDR516C,sce01250
3604,YDL056W,sce04111
3605,YPL028W,sce01200
3606,YGR155W,sce01230
3607,YER073W,sce00053
3608,YDL182W,sce00300
3609,YLR359W,sce00250
3610,YLR446W,sce00520
3611,YBL033C,sce00790
3612,YNL290W,sce03420
3613,YGL062W,sce00620
3614,YBR170C,sce04141
3615,YDL090C,sce00900
3616,YJL036W,sce04144
3617,YFL061W,sce00791
3618,YNCL0047W,sce00970
3619,YNCB0018W,sce00970
3620,Q0110,sce00190
3621,YJL132W,sce00563
3622,YNCP0018C,sce00970
3623,YHR208W,sce01110
3624,YKR097W,sce01200
3625,YPR088C,sce03060
3626,YDR127W,sce00400
3627,YNCI0010C,sce00970
3628,YAL015C,sce03410
3629,YDR025W,sce03010
3630,YDL164C,sce03430
3631,YJR058C,sce04144
3632,YDR261C,sce00500
3633,YMR188C,sce03010
3634,YLR164W,sce00020
3635,YPR002W,sce00640
3636,YGL147C,sce03010
3637,YDL188C,sce04138
3638,YPL243W,sce03060
3639,YLR303W,sce00270
3640,YHR025W,sce01110
3641,YLR409C,sce03008
3642,YDR062W,sce04138
3643,YGR208W,sce00680
3644,YOR184W,sce01200
3645,YJR103W,sce01240
3646,YDL191W,sce03010
3647,YDL108W,sce03420
3648,YEL037C,sce03420
3649,YPR056W,sce03022
3650,YNCJ0016C,sce00970
3651,YOL055C,sce00730
3652,YIL014W,sce00514
3653,YER020W,sce04113
3654,YOR094W,sce04144
3655,YMR264W,sce04141
3656,YPL262W,sce00020
3657,YDL021W,sce01200
3658,YHR170W,sce03008
3659,YJL052W,sce01230
3660,YDR019C,sce00670
3661,YAL062W,sce00250
3662,YDR237W,sce03010
3663,YGR088W,sce04011
3664,YCR005C,sce00630
3665,YMR303C,sce00620
3666,YAL044C,sce01110
3667,YGR248W,sce00030
3668,YDR007W,sce00400
3669,YOL126C,sce00630
3670,YAR015W,sce01110
3671,YDL078C,sce00620
3672,YNCA0004W,sce00970
3673,YPL149W,sce04213
3674,YJR110W,sce04070
3675,YKL186C,sce03013
3676,Q0250,sce00190
3677,YNCH0003C,sce00970
3678,YNL077W,sce04141
3679,YGR005C,sce03022
3680,YER052C,sce01230
3681,YJR139C,sce01230
3682,YJR045C,sce03018
3683,YNCJ0024W,sce00970
3684,YJR010W,sce00920
3685,YLR060W,sce00970
3686,YDR062W,sce00600
3687,YOL004W,sce04139
3688,YJR016C,sce00770
3689,YJL153C,sce00562
3690,YKL181W,sce01230
3691,YGR075C,sce03040
3692,YOL066C,sce01240
3693,YDR234W,sce01210
3694,YMR278W,sce00030
3695,YNCB0015W,sce00970
3696,YER003C,sce00520
3697,YMR197C,sce04130
3698,YBR136W,sce04113
3699,YLR057W,sce04141
3700,YGL068W,sce03010
3701,YPL214C,sce00730
3702,YLR359W,sce00230
3703,YOR083W,sce04111
3704,YEL036C,sce00513
3705,YDL150W,sce03020
3706,YHR005C,sce04011
3707,YDR301W,sce03015
3708,YPL217C,sce03008
3709,YER023W,sce01110
3710,YMR250W,sce00650
3711,YLR180W,sce01240
3712,YGR032W,sce04011
3713,YNL178W,sce03010
3714,YDR378C,sce03018
3715,YBR198C,sce03022
3716,YJR050W,sce03040
3717,YMR105C,sce01110
3718,YEL058W,sce00520
3719,YHR183W,sce00030
3720,YNCL0029W,sce03010
3721,YHR184W,sce04113
3722,YLL041C,sce00190
3723,YDL244W,sce01240
3724,YHR137W,sce00400
3725,YPL203W,sce04113
3726,YJR159W,sce00051
3727,YDR434W,sce00563
3728,YDR076W,sce03440
3729,YNL267W,sce04070
3730,YPL117C,sce00900
3731,YLR354C,sce01110
3732,YGR098C,sce04111
3733,YDL055C,sce00051
3734,YOR155C,sce00230
3735,YOR151C,sce03020
3736,YPL040C,sce00970
3737,YOR039W,sce03008
3738,YER141W,sce00860
3739,YKR031C,sce01110
3740,YNL130C,sce00440
3741,YFL053W,sce00680
3742,YLR026C,sce04130
3743,YIR034C,sce00300
3744,YLR142W,sce01110
3745,YGR208W,sce01200
3746,YNL118C,sce03018
3747,YJR069C,sce01232
3748,YDR182W,sce00563
3749,YKL141W,sce01200
3750,YOL142W,sce03018
3751,YIL116W,sce01230
3752,YDR207C,sce04113
3753,YPL094C,sce04141
3754,YDR217C,sce04111
3755,YDR272W,sce00620
3756,YGL095C,sce04144
3757,YMR108W,sce00290
3758,YDR158W,sce00300
3759,YIR025W,sce04113
3760,YGR282C,sce00500
3761,YLR157C,sce01110
3762,YGL196W,sce00470
3763,YOR393W,sce01230
3764,YDR343C,sce04113
3765,YPL132W,sce00190
3766,YDR428C,sce00380
3767,YLR382C,sce00970
3768,YJL060W,sce00380
3769,YML059C,sce00564
3770,YFL008W,sce04111
3771,YLR356W,sce04139
3772,tK_UUU_Q,sce00970
3773,YML110C,sce01240
3774,YBL045C,sce00190
3775,YGL253W,sce00051
3776,YBR097W,sce04136
3777,YNL202W,sce04146
3778,YLR432W,sce01232
3779,YGR205W,sce01110
3780,YDR503C,sce00561
3781,YJR065C,sce04138
3782,YGR205W,sce00561
3783,YLR078C,sce04130
3784,YPR035W,sce00220
3785,YOR368W,sce04111
3786,YLR102C,sce04120
3787,YML009C,sce03010
3788,YGL148W,sce00400
3789,YDR432W,sce03022
3790,YDR032C,sce01110
3791,YBR070C,sce00510
3792,YOR081C,sce00564
3793,YGR003W,sce04120
3794,YLL041C,sce01110
3795,YOR209C,sce01240
3796,YOR362C,sce03050
3797,YGL116W,sce04113
3798,YLR377C,sce01200
3799,YPL198W,sce03010
3800,YNCK0006C,sce00970
3801,YOR142W,sce00020
3802,YLR153C,sce00640
3803,YMR113W,sce00790
3804,YOR195W,sce04113
3805,YMR153W,sce03013
3806,YBR098W,sce03440
3807,YLR298C,sce03040
3808,YGR010W,sce01240
3809,YNL261W,sce04111
3810,YGR277C,sce00770
3811,YIL066C,sce00480
3812,YNL037C,sce01200
3813,YDR232W,sce01110
3814,YNL119W,sce04122
3815,YLR027C,sce00400
3816,YHL012W,sce00040
3817,YKL114C,sce03410
3818,YDR538W,sce01240
3819,YGL124C,sce04138
3820,YMR323W,sce01200
3821,YDL042C,sce00760
3822,YNR016C,sce00620
3823,YDL246C,sce00040
3824,YFL037W,sce04145
3825,YKL180W,sce03010
3826,YOR128C,sce00230
3827,YGL026C,sce01230
3828,YKL024C,sce00240
3829,YOL115W,sce03018
3830,YAL041W,sce04011
3831,YBR145W,sce00350
3832,YJL005W,sce00230
3833,YNCD0004W,sce00970
3834,YIR031C,sce01110
3835,YNL241C,sce01200
3836,YLL024C,sce03040
3837,YFL053W,sce00051
3838,YNL207W,sce03008
3839,YCL040W,sce00500
3840,YDR369C,sce03440
3841,YBL058W,sce04141
3842,YPR043W,sce03010
3843,YFL045C,sce00051
3844,YMR284W,sce03450
3845,YGL047W,sce00510
3846,YNL223W,sce04136
3847,YHR109W,sce00310
3848,YKR002W,sce03015
3849,YJR130C,sce00920
3850,YOL121C,sce03010
3851,YDR256C,sce00630
3852,YPL227C,sce00510
3853,YGL099W,sce03008
3854,YHR069C,sce03018
3855,YDR226W,sce00730
3856,YBR217W,sce04136
3857,YGL101W,sce00230
3858,YMR208W,sce04146
3859,YER131W,sce03010
3860,YOR190W,sce00500
3861,YHR063C,sce00770
3862,YHL012W,sce01110
3863,YFR030W,sce00920
3864,YPL096C-A,sce00563
3865,YPR075C,sce04011
3866,YDR074W,sce00500
3867,YCL009C,sce00660
3868,YDR449C,sce03008
3869,YLR102C,sce04111
3870,YGL011C,sce03050
3871,YJL164C,sce04113
3872,YNL101W,sce04138
3873,YLR155C,sce00250
3874,YNCB0019C,sce03040
3875,YDR256C,sce04011
3876,YNR059W,sce00513
3877,YBL023C,sce03030
3878,YGL112C,sce03022
3879,YOR369C,sce03010
3880,YBR092C,sce00740
3881,YMR169C,sce01110
3882,YNCL0021C,sce03008
3883,YGL202W,sce01230
3884,YDR207C,sce04139
3885,YBR126C,sce00500
3886,YAL054C,sce00620
3887,YIL074C,sce01200
3888,YPL091W,sce00480
3889,YER141W,sce01240
3890,YNCM0021C,sce00970
3891,YJR148W,sce01230
3892,YML082W,sce00450
3893,YOL058W,sce01230
3894,YPR185W,sce04136
3895,YOR217W,sce03030
3896,YOR323C,sce01110
3897,YNL104C,sce00290
3898,YKL106W,sce00270
3899,YLL062C,sce00270
3900,YBR115C,sce01230
3901,YGR216C,sce00563
3902,YBR115C,sce00300
3903,YMR189W,sce01110
3904,YLR134W,sce01110
3905,YGR208W,sce01110
3906,YMR278W,sce00500
3907,Q0085,sce00190
3908,YDL116W,sce03013
3909,YOL133W,sce04111
3910,YPR165W,sce04011
3911,YML075C,sce01110
3912,YNCM0009C,sce00970
3913,YAL016W,sce04113
3914,YHL012W,sce01240
3915,YDR321W,sce00460
3916,YBR182C,sce04011
3917,YHR051W,sce00190
3918,YCR084C,sce04011
3919,tM_CAU_Q2,sce00970
3920,YGL211W,sce04122
3921,YJR031C,sce04144
3922,YPL179W,sce03015
3923,YMR083W,sce00071
3924,YMR120C,sce00230
3925,YNCM0028C,sce00970
3926,YCR042C,sce03022
3927,YOR374W,sce00770
3928,YNL262W,sce03420
3929,YBR039W,sce00190
3930,YLR231C,sce00380
3931,YLR304C,sce01110
3932,YMR167W,sce03430
3933,YPL232W,sce04130
3934,YOR347C,sce01110
3935,YOR303W,sce01240
3936,YGL120C,sce03040
3937,YIL160C,sce01040
3938,YMR101C,sce00900
3939,YLR377C,sce00051
3940,YNL280C,sce00100
3941,YER171W,sce03420
3942,YGL012W,sce00100
3943,YGL248W,sce00230
3944,YPL079W,sce03010
3945,YOL061W,sce01230
3946,YNCM0037W,sce00970
3947,YNL172W,sce04111
3948,YCR012W,sce01110
3949,YNCN0007W,sce00970
3950,YOR231W,sce04139
3951,YGR253C,sce03050
3952,YIL062C,sce04144
3953,YKL132C,sce00790
3954,YNCL0025C,sce03008
3955,YMR202W,sce01110
3956,YML126C,sce01110
3957,YDL130W,sce03010
3958,YNCL0035C,sce00970
3959,YOL097C,sce00970
3960,YLR089C,sce00220
3961,YDR191W,sce00760
3962,YJR110W,sce00562
3963,YPR026W,sce01110
3964,YGL253W,sce00520
3965,YLR372W,sce01110
3966,YLR239C,sce00785
3967,YPR145W,sce01230
3968,YCL050C,sce00230
3969,YNCI0004W,sce00970
3970,YER099C,sce00030
3971,YER081W,sce01200
3972,YNCG0042C,sce00970
3973,YBR093C,sce00740
3974,YHL011C,sce00030
3975,YER026C,sce00260
3976,YKL045W,sce03030
3977,YGR175C,sce00100
3978,YDR369C,sce03450
3979,YOR014W,sce04113
3980,YIL046W,sce04111
3981,YOR108W,sce01230
3982,YHR033W,sce00330
3983,YNR073C,sce00051
3984,YKL085W,sce00270
3985,YEL069C,sce04113
3986,YJL045W,sce00190
3987,YEL070W,sce00051
3988,YKL080W,sce00190
3989,YNCO0031W,sce00970
3990,YLR191W,sce04146
3991,YPL271W,sce00190
3992,YKL127W,sce00230
3993,YGL153W,sce04146
3994,YPL049C,sce04011
3995,YNL168C,sce00350
3996,YFR044C,sce00480
3997,YBR176W,sce01240
3998,YDL095W,sce00514
3999,YOR175C,sce01110
4000,YDR405W,sce03010
4001,YDL238C,sce00230
4002,YGR240C,sce01230
4003,YGL181W,sce04144
4004,YFR025C,sce01230
4005,YNCO0025W,sce03008
4006,YBR031W,sce03010
4007,YDL133C-A,sce03010
4008,YNCL0007W,sce00970
4009,YOR005C,sce03450
4010,YDL008W,sce04120
4011,YLR421C,sce03050
4012,YHR021C,sce03010
4013,YGR043C,sce01230
4014,YDR347W,sce04146
4015,YER090W,sce01230
4016,YLR396C,sce04138
4017,YGL245W,sce01110
4018,YDL084W,sce03013
4019,YFL033C,sce04138
4020,YOL061W,sce00030
4021,YPL178W,sce03015
4022,YEL027W,sce00190
4023,YMR105C,sce00030
4024,YDL149W,sce04136
4025,YKL106W,sce00220
4026,YBL068W,sce00230
4027,YBL097W,sce04111
4028,YGR256W,sce01110
4029,YOR317W,sce04146
4030,YNCK0010W,sce00970
4031,YLR441C,sce03010
4032,YOL156W,sce04113
4033,YMR036C,sce04111
4034,YMR323W,sce01110
4035,YPR127W,sce00750
4036,YHR165C,sce03040
4037,tV_UAC_Q,sce00970
4038,YER100W,sce04141
4039,YOL133W,sce03420
4040,YKR097W,sce00620
4041,YAL039C,sce00860
4042,YJR103W,sce00240
4043,YJR156C,sce00730
4044,YNCE0011C,sce03040
4045,YLR127C,sce04120
4046,YNCL0012C,sce03010
4047,YMR308C,sce03013
4048,YJR131W,sce00513
4049,YNL274C,sce01110
4050,YBL064C,sce00480
4051,YMR047C,sce03013
4052,YMR246W,sce00061
4053,YER019C-A,sce03060
4054,YKL067W,sce01240
4055,YBR038W,sce00520
4056,YOR001W,sce03018
4057,YLR025W,sce04144
4058,YIL043C,sce00520
4059,YNCO0021C,sce00970
4060,YNCL0002C,sce00970
4061,YGL256W,sce00071
4062,YOR202W,sce00340
4063,YHR128W,sce00240
4064,YMR318C,sce00620
4065,YMR169C,sce00620
4066,YNCJ0011W,sce00970
4067,YOR085W,sce04141
4068,YFL018C,sce00020
4069,YML035C,sce01110
4070,YMR161W,sce04141
4071,YIL155C,sce01110
4072,YGL253W,sce01200
4073,YIL065C,sce04139
4074,YOR236W,sce01240
4075,YGR074W,sce03040
4076,YLR304C,sce01210
4077,YGR006W,sce03040
4078,YPL280W,sce00620
4079,YDR381W,sce03040
4080,YOR374W,sce00620
4081,YKL209C,sce02010
4082,YDR217C,sce04113
4083,YML001W,sce04144
4084,YIL094C,sce01230
4085,YEL009C,sce04138
4086,YML032C,sce03440
4087,YDR158W,sce01230
4088,YNL277W,sce01230
4089,YKL006W,sce03010
4090,YMR205C,sce00051
4091,YBR299W,sce00052
4092,YBR029C,sce01110
4093,YBL016W,sce04011
4094,YMR293C,sce00970
4095,YDR328C,sce04120
4096,YDR121W,sce03420
4097,YLR027C,sce01200
4098,YCR005C,sce00020
4099,YDL077C,sce04138
4100,YBR274W,sce04111
4101,YER102W,sce03010
4102,YHR174W,sce00680
4103,YNL277W,sce01110
4104,YJL026W,sce00240
4105,YDR490C,sce04011
4106,YOR171C,sce00600
4107,YGL201C,sce04111
4108,YLR209C,sce01110
4109,YIL008W,sce04122
4110,YNL262W,sce03030
4111,YPL036W,sce00190
4112,YLR210W,sce04111
4113,YER021W,sce03050
4114,YOL040C,sce03010
4115,YBL105C,sce04011
4116,YKL025C,sce03018
4117,YBR252W,sce00240
4118,YFL045C,sce01240
4119,YAR015W,sce00230
4120,YOR117W,sce03050
4121,YPL097W,sce00970
4122,YER173W,sce04111
4123,YPL160W,sce00970
4124,YMR108W,sce00660
4125,YNR027W,sce01240
4126,YNL274C,sce00630
4127,YNL098C,sce04213
4128,YCR073C,sce04011
4129,YJL052W,sce01200
4130,YJR078W,sce01240
4131,YDL017W,sce04111
4132,YNL071W,sce00020
4133,YGL184C,sce00270
4134,YLR431C,sce04138
4135,YKR014C,sce04145
4136,YBR112C,sce04111
4137,YNR041C,sce01240
4138,YNL002C,sce03010
4139,YOR128C,sce01110
4140,YER065C,sce01200
4141,YLR157C,sce00460
4142,YFL030W,sce04146
4143,YIR034C,sce01230
4144,YOR185C,sce03013
4145,YJR117W,sce01110
4146,YLR240W,sce04138
4147,YDR050C,sce01110
4148,YOR175C,sce00561
4149,YNR057C,sce01240
4150,YDR335W,sce03013
4151,YDR121W,sce03030
4152,YJR075W,sce00513
4153,YHR208W,sce01230
4154,YJR063W,sce03020
4155,YHR074W,sce00760
4156,YOR048C,sce03008
4157,YDL021W,sce01110
4158,YLR288C,sce04111
4159,YDR524C,sce04144
4160,YLR293C,sce03250
4161,YOR221C,sce01110
4162,YFR053C,sce00052
4163,YMR220W,sce00900
4164,YDL232W,sce00510
4165,YMR289W,sce01240
4166,YGL089C,sce04011
4167,YKR086W,sce03040
4168,YDR036C,sce01200
4169,YMR129W,sce03013
4170,YDL205C,sce00860
4171,YHL003C,sce00600
4172,YNCF0011C,sce00970
4173,YOL039W,sce03010
4174,YPL173W,sce03010
4175,YDL088C,sce03013
4176,YGL245W,sce00970
4177,YMR011W,sce04113
4178,YKL141W,sce00190
4179,YGR171C,sce00970
4180,YGR244C,sce01200
4181,YJL039C,sce03013
4182,YGR258C,sce03420
4183,YNR050C,sce01230
4184,YBR117C,sce01110
4185,YER073W,sce00410
4186,YKL215C,sce00480
4187,YNCG0044C,sce03040
4188,YLR251W,sce04146
4189,YFR053C,sce00520
4190,YNL128W,sce00562
4191,YDR059C,sce04141
4192,YKL184W,sce00330
4193,YJR007W,sce04138
4194,YNL283C,sce04011
4195,YGL180W,sce04139
4196,YBR115C,sce01110
4197,YPR001W,sce01110
4198,YMR041C,sce00053
4199,YBR145W,sce01110
4200,YHL012W,sce01250
4201,YDR127W,sce00999
4202,YGR183C,sce00190
4203,YOR185C,sce03008
4204,YHL007C,sce04392
4205,YPL031C,sce04111
4206,YER118C,sce04011
4207,YGL048C,sce03050
4208,YGL241W,sce03013
4209,YNCO0016W,sce00970
4210,YCL008C,sce03250
4211,YNCH0004C,sce00970
4212,YPR181C,sce04141
4213,YJL097W,sce01110
4214,YBR002C,sce00900
4215,YKL003C,sce03010
4216,YOR136W,sce00020
4217,YLR325C,sce03010
4218,YNL104C,sce01110
4219,YNCG0016C,sce00970
4220,YDR354W,sce01110
4221,YLR058C,sce01200
4222,YDR079C-A,sce03420
4223,YJL088W,sce01110
4224,YBL068W,sce01230
4225,YDR127W,sce01110
4226,YKL073W,sce04141
4227,YLL024C,sce04141
4228,YGL115W,sce04213
4229,YER086W,sce00260
4230,YLR058C,sce00460
4231,YNL325C,sce00562
4232,YMR296C,sce00600
4233,YNL038W,sce00563
4234,YPR175W,sce03030
4235,YNL330C,sce04213
4236,YML019W,sce00510
4237,YLR245C,sce00240
4238,YPL268W,sce04070
4239,YGR256W,sce00030
4240,YLR305C,sce04011
4241,YEL032W,sce04113
4242,YBR237W,sce03040
4243,YPL061W,sce00770
4244,YDR074W,sce01110
4245,YER107C,sce03013
4246,YMR300C,sce01110
4247,YDR480W,sce04011
4248,YGL205W,sce00592
4249,YER091C,sce01110
4250,YML060W,sce03410
4251,YLR185W,sce03010
4252,YOR339C,sce04120
4253,YDR167W,sce03022
4254,YDR441C,sce01232
4255,YEL046C,sce00260
4256,YOR328W,sce02010
4257,YAR007C,sce03430
4258,YDL149W,sce04138
4259,YKR069W,sce01240
4260,YLR264W,sce03010
4261,YMR142C,sce03010
4262,YDR265W,sce04146
4263,YNL209W,sce04144
4264,YDR345C,sce04113
4265,YDR531W,sce01240
4266,YLR070C,sce00040
4267,YOR278W,sce00860
4268,YCL030C,sce00340
4269,YPR185W,sce04138
4270,YGR274C,sce03022
4271,YMR170C,sce00330
4272,YOR076C,sce03015
4273,YMR169C,sce00561
4274,YJL194W,sce04113
4275,YLR145W,sce03008
4276,YPL023C,sce00670
4277,YMR318C,sce00053
4278,YLR446W,sce00052
